영수증 ID,K회차,결과,관찰 델타,구현 위치,반례 확인,비정사,사용 스레드,원문 근거,이유,장면 질문,적용 카드,카드 ID,프로젝트 코드
RR-REF11-031-035-20260804,REF-11 31~35화,APPLIED,31화의 협업 입력·제한적 일초 파훼와 34화 첫 실패 뒤 수단 교정으로 CHR-01 경계를 좁혔다. 멸문 진실 청취·영약 정제·새 무공 요청권의 보류로 ENG-01을 보강했다. 전과가 유운패·타 문파 신뢰·승단권으로 번역되는 조직 사슬을 REL-02에 추가했다. STR-01은 먼 반복·비용·반례가 확인되어 VERIFIED_THREAD로 승격했다. 신규 SCN-01과 REP-01을 등록했다.,02-B · REF 심층 증거 스레드 / 02-E · 연구 범위 감사,Yes,Yes,"TH-REF11-CHR-01 · 천재성은 해체·재조립·실전 검증의 연쇄로 증명된다 (https://app.notion.com/p/TH-REF11-CHR-01-3b0baa79eaae81eea317f29d3053f6db?pvs=21), TH-REF11-ENG-01 · 남은 수명은 선택의 시간 예산으로 작동한다 (https://app.notion.com/p/TH-REF11-ENG-01-3b0baa79eaae81d3a153f536eb18542f?pvs=21), TH-REF11-REL-02 · 입문 구간은 인물별 판정 기준과 권한 차이로 조직을 실체화한다 (https://app.notion.com/p/TH-REF11-REL-02-3b0baa79eaae81798183f137cff283b3?pvs=21), TH-REF11-STR-01 · 서로 다른 권위자의 연속 인정이 보상과 상실을 함께 키운다 (https://app.notion.com/p/TH-REF11-STR-01-3b0baa79eaae81489c10f1d2699c51f2?pvs=21), TH-REF11-SCN-01 · 상대의 독문무공을 상위 형태로 되돌려 패배를 삶의 부정으로 바꾼다 (https://app.notion.com/p/TH-REF11-SCN-01-3b2baa79eaae81ddb335c0f88ecb9af5?pvs=21), TH-REF11-REP-01 · 실용적 자기보존 선택이 관찰자에게 협의로 번역된다 (https://app.notion.com/p/TH-REF11-REP-01-3b2baa79eaae81e79cb1d74a24d9b2dd?pvs=21)","참고작 압축 원문 시한부 천재가 살아남는 법 1-829 완.txt의 31화~35화. 표제 경계 exact: 31화 시작 10253행, 32화 10712행, 33화 11059행, 34화 11400행, 35화 11747행, 36화 12070행.","원문 직접 독해와 최신 DB·기존 TH 대조를 완료했다. 기존 스레드와 해결 문제·수용 주체·상태 변화가 다른 두 항목만 신규 분리했으며, 공용 실행 카드와 승격 후보는 생성하지 않았다.",전장 성취가 어떤 관찰자와 조직을 거쳐 사기·접근권·동맹 신뢰·승단권으로 바뀌는가? 첫 실패 뒤 천재성은 어떻게 수정 능력으로 검증되는가? 사적 생존 계산은 왜 타인에게 협의로 수용되는가?,,없음 · 공용 카드 미승격,REF-11
RR-REF46-SOPV5-MIGRATION-20260805,,RESEARCH_REQUIRED,"상태 스키마 보강, 중복 4건 보존형 폐기, 누락 관계 2건 복구, TH별 이관 패키지 17개 생성, REF-46 범위 감사 생성.",Notion 02-B/02-D/02-E 및 로컬 /mnt/data/ref46_evidence,Yes,Yes,"TH-REF46-01 · 처형을 피하려 수행한 집단 역할이 구성원을 위한 제도적 책임으로 굳어진다 (https://app.notion.com/p/TH-REF46-01-3b2baa79eaae81ff8a82e39db9463f0f?pvs=21), TH-REF46-02 · 선행 게임 지식은 현장 변수와 반례를 거쳐 갱신 가능한 가설로 운용된다 (https://app.notion.com/p/TH-REF46-02-3b2baa79eaae81789b63cac5e62439c1?pvs=21), TH-REF46-03 · 공략 슬롯으로 모집한 파티원이 선택권과 분리 가능성을 가진 책임 공동체로 재분류된다 (https://app.notion.com/p/TH-REF46-03-3b2baa79eaae81bfb47dc8800d164eae?pvs=21), TH-REF46-04 · 탐험 성과는 지도·판단 책임·공개 절차를 거쳐 파티 밖의 지휘권으로 환전된다 (https://app.notion.com/p/TH-REF46-04-3b2baa79eaae813b9438cd9f8e8120aa?pvs=21), TH-REF46-05 · 다중 신분은 습관·시기·정보 행동의 누적 증거로 판정되고 선택적 공개가 별도 동맹망을 만든다 (https://app.notion.com/p/TH-REF46-05-3b2baa79eaae81078483c176b5c95fa5?pvs=21), TH-REF46-06 · 한정된 성장 슬롯은 전투 역할·취약점·동료 배치를 함께 잠그는 선택 장부로 작동한다 (https://app.notion.com/p/TH-REF46-06-3b2baa79eaae8196bd5ddb80a846a106?pvs=21), TH-REF46-07 · 회차 리셋은 현지 기억과 사건을 초기화하되 공략 기억·외부 준비·접근 권리를 누적시킨다 (https://app.notion.com/p/TH-REF46-07-3b2baa79eaae811a85c6eb22fc4f3464?pvs=21), TH-REF46-08 · 보호받던 신입은 상실을 전투 권한으로 바꾸되 통제·가족·종족 부채를 다시 조정해야 한다 (https://app.notion.com/p/TH-REF46-08-3b2baa79eaae819a83bffda262ebc9c5?pvs=21), TH-REF46-09 · 조직은 같은 공적 기록을 영웅·악령·귀족 서사로 재편해 권리와 의무를 배분한다 (https://app.notion.com/p/TH-REF46-09-3b2baa79eaae811eb5d5d2eba4b389c5?pvs=21), TH-REF46-10 · 적대자는 복수·생존·귀환 목표를 분리한 채 반복 협력으로 조건부 동료가 된다 (https://app.notion.com/p/TH-REF46-10-3b2baa79eaae81a1899bceec7c09794d?pvs=21), TH-REF46-11 · 공통 출신과 정보 교환은 동맹을 보장하지 않으며 귀환 목표와 결별 조건을 명시해야 협력자가 된다 (https://app.notion.com/p/TH-REF46-11-3b2baa79eaae8104b078e11d53f587b3?pvs=21), TH-REF46-12 · 진실 판정 장치는 발화자의 확신만 인증해 질문권·묵비권·문장 설계가 협상권을 결정한다 (https://app.notion.com/p/TH-REF46-12-3b2baa79eaae8151975ad0c5e1f503a2?pvs=21), TH-REF46-13 · 불확실한 정보는 닻 질문·행동 기록·제삼자 공개를 겹쳐야 행동 가능한 신뢰로 바뀐다 (https://app.notion.com/p/TH-REF46-13-3b2baa79eaae811d9137cdc4e97d16f7?pvs=21), TH-REF46-14 · 사망·부상 보고는 역할 공백과 지휘 책임을 다음 편제로 넘기는 인력 손실 장부가 된다 (https://app.notion.com/p/TH-REF46-14-3b2baa79eaae81e4a18bd24aa87f99da?pvs=21), TH-REF46-15 · 실패한 탐사·구조 시도는 가설 폐기·도구 요구·지도 갱신으로 다음 시도의 탐색 공간을 줄인다 (https://app.notion.com/p/TH-REF46-15-3b2baa79eaae819d958ad97fbc196994?pvs=21), TH-REF46-16 · 분배 비율은 현재 기여와 특수 노동을 가격화하고 성장 뒤 재협상되는 동료 계약이다 (https://app.notion.com/p/TH-REF46-16-3b2baa79eaae81959914c903d52e51e2?pvs=21), TH-REF46-17 · 공동 전리품은 현금 분배·개인 매입·공용 비축·군자금으로 용도별 권리를 분리해 보존된다 (https://app.notion.com/p/TH-REF46-17-3b2baa79eaae8185ba74ff7f2d4b7850?pvs=21)",REF-46 전체 원문 SHA-256 9cf9d175c228c02e960a04f3d721f29bb4362b380065f2fd200b828291ba1191. /mnt/data/ref46_evidence/TH-REF46-01~17에 기존 TH 근거 범위와 발췌별 해시를 고정했다.,SOP v5 감사 결과 TH 요약층은 존재하지만 원천 장면·Macro·Micro가 비어 있어 집필 시 원문 재독이 불가능했다. 신규 채굴보다 기존 범위의 장면 재절단과 원천 보존이 우선이다.,기존 TH를 원천 장면 정본과 Macro 검색층으로 복구하려면 어떤 실제 장면 경계와 대비·실패·미해결 범위를 보존해야 하는가.,,,기법 연구
RR-REF46-TH01-RECUT-P1-20260805,,APPLIED,"원천 장면 7건, 익명 원문 독서 장면 7건, Macro 6건을 생성했다. Micro는 독립 필요성이 확인되지 않아 0건으로 유지했다.","Notion 03-A/03-C/03-E, TH-REF46-01 및 로컬 /mnt/data/ref46_evidence/TH-REF46-01/recut_v1",Yes,Yes,TH-REF46-01 · 처형을 피하려 수행한 집단 역할이 구성원을 위한 제도적 책임으로 굳어진다 (https://app.notion.com/p/TH-REF46-01-3b2baa79eaae81ff8a82e39db9463f0f?pvs=21),"2화 301~417행 / 6~7화 2,513~3,063행 / 150화 72,483~72,717행 / 151화 73,253~73,364행 / 153~154화 74,113~74,665행. 장면별 원문 파일과 SHA-256은 /mnt/data/ref46_evidence/TH-REF46-01/recut_v1에 고정했다.",SOP v5에 따라 기존 TH 요약에서 실제 장면 재진입 층으로 복구했다. 핵심 장면뿐 아니라 대비·실패·미해결·후속 수정 장면을 함께 보존했다.,처형을 피하기 위한 역할 수행이 어떻게 위장 비용·현재 인격 판정·교육 책임·조건부 권한 이동으로 변형되는가.,,,기법 연구
RR-REF46-TH01-RECUT-P2-AUDIT-20260805,,APPLIED,"원천 장면 5건, 익명 독서본 5건, Macro 4건 추가. TH-01 합계는 원천 장면 12건·익명 독서본 12건·Macro 10건·Micro 0건이다. 감사 6항목 중 5항목 통과, 장면 표현 편중은 주의 판정이나 중단 기준인 2개 이상 실패에는 해당하지 않는다.","Notion 03-A/03-C/03-E, TH-REF46-01 및 로컬 /mnt/data/ref46_evidence/TH-REF46-01/recut_v2",Yes,Yes,TH-REF46-01 · 처형을 피하려 수행한 집단 역할이 구성원을 위한 제도적 책임으로 굳어진다 (https://app.notion.com/p/TH-REF46-01-3b2baa79eaae81ff8a82e39db9463f0f?pvs=21),"452화 223,350~223,490행 / 453~454화 223,899~224,329행 / 650화 311,053~311,155행 / 651화 311,157~311,359행. 장면별 원문과 해시는 recut_v2에 고정했다.",TH-REF46-01의 남은 제도화 구간을 실제 장면으로 복구하고 Macro 누적 10건 정기 감사를 수행했다.,생존 역할이 대표 권한으로 굳어진 뒤 행정·고용·교육 기능을 어떤 사람과 절차에 배분하는가.,,,기법 연구
RR-REF46-TH02-RECUT-V1-20260805,,APPLIED,"원천 장면 10건, 익명 독서본 10건, Macro 8건, Micro 1건. 특히 넓은 탐사 범위를 직접 탐색 중단→주변 탐색→현실 전용 기록 발견→전문 감정 이관으로 분리했고, 화말 확신을 다음 회차 첫 문단에서 과거형 가설로 되돌리는 문단 종료 Micro를 등록했다.","Notion 03-A/03-C/03-E/03-F, TH-REF46-02 및 로컬 /mnt/data/ref46_evidence/TH-REF46-02/recut_v1",Yes,Yes,TH-REF46-02 · 선행 게임 지식은 현장 변수와 반례를 거쳐 갱신 가능한 가설로 운용된다 (https://app.notion.com/p/TH-REF46-02-3b2baa79eaae81789b63cac5e62439c1?pvs=21),"3화 959~1,223행 / 4화 1,225~1,235행 / 17화 7,427~7,465행 / 31화 14,391~14,485행 / 171~172화 82,653~82,925행 / 309~310화 153,313~153,415행 / 409화 199,279~199,423행 / 447화 220,681~220,733행. 원문과 개별 해시는 /mnt/data/ref46_evidence/TH-REF46-02/recut_v1에 고정했다.",기존 TH의 넓은 근거 범위를 실제 장면 경계로 재절단해 집필 시 원문 재독이 가능하도록 복구했다. 핵심·대비·실패·후속·전문가 이관과 화말 표현을 함께 보존했다.,선행 게임 지식이 현실의 생계·신체·역사·성장·물품 차이와 만날 때 어떤 순서로 가설·반례·전문가 이관으로 갱신되는가.,,,기법 연구
RR-REF46-TH03-RECUT-V1-20260805,,APPLIED,"원천 장면 15건, 익명 독서본 15건, Macro 9건, Micro 0건. 선택권 존중과 최종 결정 책임을 적용 대상이 다른 별도 판단으로 분리했다. 유용한 전력과 공동체 자격을 분리하는 반례를 확보했다.","Notion 03-A/03-C/03-E, TH-REF46-03 및 로컬 /mnt/data/ref46_evidence/TH-REF46-03/recut_v1",Yes,Yes,TH-REF46-03 · 공략 슬롯으로 모집한 파티원이 선택권과 분리 가능성을 가진 책임 공동체로 재분류된다 (https://app.notion.com/p/TH-REF46-03-3b2baa79eaae81bfb47dc8800d164eae?pvs=21),"47화 22,223~22,299행 / 49화 22,970~23,005행 / 52~53화 24,480~24,767행 / 173화 83,341~83,417행 / 175화 84,555~84,689행 / 208화 101,579~101,713행 / 211~212화 103,615~103,971행 / 216화 106,059~106,163행 / 382~383화 186,957~187,135행 / 446~447화 220,397~220,889행 / 825~827화 382,140~382,967행. 개별 파일과 해시는 recut_v1에 고정했다.","기존 TH의 넓은 범위를 실제 장면 경계로 재절단해 기능 슬롯 모집, 보호 실패, 결함 공개, 권리 재협상, 선택권, 최종 결정 책임, 새 리더 선택, 분리 뒤 새 소속, 위기 중 사람 회수를 다시 읽을 수 있게 복구했다.",공략 역할로 모집된 구성원이 어떤 실패·권리 변화·선택 책임·분리와 재결합을 거쳐 독립 선택권을 가진 책임 공동체로 재분류되는가.,,,기법 연구
RR-REF46-TH04-RECUT-V1-20260805,,APPLIED,"신규 원천 장면 15건, 기존 TH-03 원천 장면 재사용 3건, 익명 독서본 15건, Macro 9건, Micro 1건. 최신 날짜가 있는 지도 복사본 배포를 독립 Micro로 보존했다.","Notion 03-A/03-C/03-E/03-F, TH-REF46-04 및 /mnt/data/ref46_evidence/TH-REF46-04/recut_v1",Yes,Yes,TH-REF46-04 · 탐험 성과는 지도·판단 책임·공개 절차를 거쳐 파티 밖의 지휘권으로 환전된다 (https://app.notion.com/p/TH-REF46-04-3b2baa79eaae813b9438cd9f8e8120aa?pvs=21),"208화 101,579~101,713행 / 211~212화 103,615~103,971행 / 215화 105,245~105,477행 / 216화 106,059~106,163행 / 393~397화 191,881~194,017행 / 503~504화 247,639~248,015행 / 557~560화 271,881~273,509행 / 604~606화 292,369~293,491행 / 618~621화 298,371~299,655행.","기존 넓은 근거를 지휘 자격 획득, 팀 자율 경계, 발견권·범죄 판단 분리, 손실 보고, 실패 인정, 군단 재편, 지도·보고 공용화로 재절단했다.",개인 탐험 성과가 어떤 보고·검증·지도·책임·절차를 거쳐 파티 밖의 지휘권과 집단 재사용 자산으로 전환되는가.,,,기법 연구
RR-REF46-MACRO-AUDIT-40-20260805,,APPLIED,"원문 재독 가치 PASS / 네 축 균형 PASS / 기존 장면 차별성 PASS / 집필 사용 시점 설명 PASS / 중복·포화 PASS / 표면 모방 경계 CAUTION. 가면·진실 장치·통신 종이 같은 고유 물건을 모방하지 말고 질문권·묵비권·연락권 변화만 검색 좌표로 사용한다. 실패 0건, 주의 1건으로 신규 복구 계속 가능.",Notion 02-D 연구 영수증. 누적 Macro 40건 지점 감사.,Yes,Yes,"TH-REF46-04 · 탐험 성과는 지도·판단 책임·공개 절차를 거쳐 파티 밖의 지휘권으로 환전된다 (https://app.notion.com/p/TH-REF46-04-3b2baa79eaae813b9438cd9f8e8120aa?pvs=21), TH-REF46-05 · 다중 신분은 습관·시기·정보 행동의 누적 증거로 판정되고 선택적 공개가 별도 동맹망을 만든다 (https://app.notion.com/p/TH-REF46-05-3b2baa79eaae81078483c176b5c95fa5?pvs=21)","TH-REF46-04 후반 Macro 6건: 발견권·범죄 판단 분리, 목표·책임과 손실 정산, 전문가 오판 수정, 실패 뒤 군단 지휘권 인수, 기능 책임자·갱신 지도, 수색 우선·성과 배분. TH-REF46-05 선행 Macro 4건: 익명 인증·거래권, 질문·묵비·다자 규칙, 숫자 기반 추론·제한 인정, 습관 판정·선택적 공개·연락권.",Macro 40건 누적 지점의 SOP v5 정기 감사. 10건 모두 원문 재독 이유와 상태 변화가 있고 장면·스토리·캐릭터·작가 선택을 복원할 수 있다. 동일한 '권한 확대'나 '정체 공개'로 뭉개지 않고 판단 단위가 분리돼 있다.,누적 Macro 31~40이 원문 재독 가치·네 축 균형·차별성·집필 검색성·포화·표면 모방 경계를 유지하는가.,,,기법 연구
RR-REF46-TH05-RECUT-V1-20260805,,APPLIED,"신규 원천 장면 16건, 기존 원천 장면 재사용 1건, 익명 독서본 16건, Macro 6건, Micro 1건. 누적 Macro 40건 정기 감사 통과: 실패 0건, 표면 모방 경계 주의 1건.","Notion 03-A/03-C/03-E/03-F, TH-REF46-05 및 /mnt/data/ref46_evidence/TH-REF46-05/recut_v1",Yes,Yes,TH-REF46-05 · 다중 신분은 습관·시기·정보 행동의 누적 증거로 판정되고 선택적 공개가 별도 동맹망을 만든다 (https://app.notion.com/p/TH-REF46-05-3b2baa79eaae81078483c176b5c95fa5?pvs=21),"90~93화 44,071~44,857행 / 307~309화 152,119~153,169행 / 385~386화 188,321~188,619행 / 646~647화 309,563~309,943행 / 735~737화 346,163~347,065행. 기존 150화 정체 의심 장면은 재사용.",넓은 근거를 출신 인증·닉네임 역노출·익명 거래·진실 장치 한계·질문권과 묵비권·숫자 추론의 오해·선택적 공개·별도 연락권·적대적 연쇄 공개·목표 불일치 반례로 재절단했다.,"다중 신분은 어떤 생활 증거·질문 규칙·부분 공개를 통해 판정되며, 공개 이후 질문권·연락권·협상권·공격권은 어떻게 달라지는가.",,,기법 연구
RR-REF46-TH06-RECUT-V1-20260805,,APPLIED,"신규 원천 장면 12건, 익명 독서본 12건, Macro 6건, Micro 1건. 기존 TH-03의 보호 장비 장면은 중복 생성하지 않았다. 능력 상승보다 포기 슬롯·사라진 권리·새 의존·상성 실패를 장부화했다.","Notion 03-A/03-C/03-E/03-F, TH-REF46-06 및 /mnt/data/ref46_evidence/TH-REF46-06/recut_v1",Yes,Yes,TH-REF46-06 · 한정된 성장 슬롯은 전투 역할·취약점·동료 배치를 함께 잠그는 선택 장부로 작동한다 (https://app.notion.com/p/TH-REF46-06-3b2baa79eaae8196bd5ddb80a846a106?pvs=21),"3화 651~715행 / 41~42화 19,665~19,775행 / 77화 37,331~37,397행 / 138~140화 66,821~67,823행 / 222화 109,141~109,239행 / 859화 396,748~397,040행 / 909~917화 417,181~421,305행.","넓은 성장 근거를 시작 역할 선택, 비동의 슬롯 손해, 장비 재설계, 유용한 코어 희생, 사라진 재생 검사, 지원 구조 재배치, 보호 책임, 극재생 개편, 카운터 실패, 다른 환경의 재발견으로 재절단했다.","한정된 성장 슬롯이 어떤 역할·취약점·지원 의존·상성 카운터를 장기간 잠그며, 개편 뒤 무엇이 사라지고 무엇이 새로 요구되는가.",,,기법 연구
RR-REF46-MACRO-AUDIT-50-20260805,,APPLIED,"원문 재독 가치 PASS / 네 축 균형 PASS / 기존 장면 차별성 PASS / 집필 사용 시점 PASS / 중복·포화 PASS / 표면 모방 경계 CAUTION. 고유 가면·정수·시스템 점수·환급 물품을 가져오지 않고 정체 공개의 공격성, 슬롯의 기회비용, 기억·관계 권리 비대칭만 검색 좌표로 사용한다. 실패 0건, 주의 1건. TH-07 복구 계속 가능.",Notion 02-D 연구 영수증. 누적 Macro 50건 지점 감사.,Yes,Yes,"TH-REF46-05 · 다중 신분은 습관·시기·정보 행동의 누적 증거로 판정되고 선택적 공개가 별도 동맹망을 만든다 (https://app.notion.com/p/TH-REF46-05-3b2baa79eaae81078483c176b5c95fa5?pvs=21), TH-REF46-06 · 한정된 성장 슬롯은 전투 역할·취약점·동료 배치를 함께 잠그는 선택 장부로 작동한다 (https://app.notion.com/p/TH-REF46-06-3b2baa79eaae8196bd5ddb80a846a106?pvs=21), TH-REF46-07 · 회차 리셋은 현지 기억과 사건을 초기화하되 공략 기억·외부 준비·접근 권리를 누적시킨다 (https://app.notion.com/p/TH-REF46-07-3b2baa79eaae811a85c6eb22fc4f3464?pvs=21)","TH-05 후반 2건: 적대적 다중 정체 공개와 본명 교환 뒤 동맹 실패. TH-06 6건: 역할 선택, 슬롯 손해, 코어 교체·지원 의존, 치유 권리 포기, 극재생 재평가, 성공·카운터·재발견. TH-07 선행 2건: 불완전 탈출의 기억·장비·접근권 보존, 1회차 기억의 연구·외부 투자 환전.","Macro 50건 누적 지점의 SOP v5 정기 감사. 최근 10건이 모두 원문에서 선택 순서와 상태 변화를 재발견하게 하는지, ‘정보 공개’·‘성장’·‘반복’ 같은 추상 범주로 중복되지 않는지 확인했다.",누적 Macro 41~50이 원문 재독 가치·장면/스토리/캐릭터/작가 선택 균형·차별성·집필 검색성·중복 포화·표면 모방 경계를 유지하는가.,,,기법 연구
RR-REF46-TH07-RECUT-V1-20260805,,APPLIED,"신규 원천 장면 14건, 익명 독서본 14건, Macro 6건, Micro 1건. 누적 Macro 50건 정기 감사 통과: 실패 0건, 표면 모방 경계 주의 1건.","Notion 03-A/03-C/03-E/03-F, TH-REF46-07 및 /mnt/data/ref46_evidence/TH-REF46-07/recut_v1",Yes,Yes,TH-REF46-07 · 회차 리셋은 현지 기억과 사건을 초기화하되 공략 기억·외부 준비·접근 권리를 누적시킨다 (https://app.notion.com/p/TH-REF46-07-3b2baa79eaae811a85c6eb22fc4f3464?pvs=21),"895~896화 412,507~412,880행 / 898~902화 413,410~414,613행 / 902~907화 414,700~416,640행 / 912~913화 419,221~419,729행.","넓은 반복 근거를 1회차 탈출과 보존, 보존 원인 미확정, 리셋 가설, 외부 연구·투자, 경로 압축, 매몰 비용, 군세로 대체된 신뢰, 기억 비대칭, 쉬운 엔딩 거절, 현재 욕망 재확인, 공략 목표 변경으로 재절단했다.","지역 사건과 현지 기억이 초기화되는 반복 구조에서 공략 기억·장비·접근권·외부 준비는 누구에게 누적되며, 그 우위가 현재 관계와 선택을 어디까지 대신할 수 있는가.",,,기법 연구
RR-REF46-TH06-RECUT-V1-20260805,,APPLIED,"신규 원천 장면 12건, 익명 독서본 12건, Macro 6건, Micro 1건. 기존 TH-03의 보호 장비 장면과 중복하지 않고 성장 슬롯·포기 능력·지원 의존·환경 카운터의 장기 선택 장부로 구분했다.","Notion 03-A/03-C/03-E/03-F, TH-REF46-06 및 /mnt/data/ref46_evidence/TH-REF46-06/recut_v1",Yes,Yes,TH-REF46-06 · 한정된 성장 슬롯은 전투 역할·취약점·동료 배치를 함께 잠그는 선택 장부로 작동한다 (https://app.notion.com/p/TH-REF46-06-3b2baa79eaae8196bd5ddb80a846a106?pvs=21),"3화 651~715행 / 41~42화 19,665~19,775행 / 77화 37,331~37,397행 / 138~140화 66,821~67,823행 / 222화 109,141~109,239행 / 859화 396,748~397,040행 / 909~917화 417,181~421,305행.","넓은 근거를 역할 선택, 비동의 슬롯 손해, 장비 재설계, 유용한 코어 희생, 사라진 재생의 몸 검증, 팀 지원 재배치, 보호 자원 배분, 극재생 손익, 보스전 고점, 카운터 인정, 환경 시너지로 재절단했다.",한정 성장 슬롯과 코어 교체가 어떤 역할·취약점·지원 의존·환경 카운터를 함께 잠그는가.,,,기법 연구
RR-REF46-TH08-RECUT-V1-20260805,,APPLIED,"신규 원천 장면 14건, 익명 독서본 14건, Macro 6건, Micro 1건. 전투력 상승과 관계 성숙을 분리하고 치료권·배분권·연락권·장비권·외부 활동권·공공 권한의 이동을 보존했다.","Notion 03-A/03-C/03-E/03-F, TH-REF46-08 및 /mnt/data/ref46_evidence/TH-REF46-08/recut_v1",Yes,Yes,TH-REF46-08 · 보호받던 신입은 상실을 전투 권한으로 바꾸되 통제·가족·종족 부채를 다시 조정해야 한다 (https://app.notion.com/p/TH-REF46-08-3b2baa79eaae819a83bffda262ebc9c5?pvs=21),"8~11화 3,379~4,607행 / 338~341화 166,900~168,140행 / 346~347화 170,120~170,379행 / 463화 228,540~228,750행 / 778~780화 363,287~364,050행.","넓은 성장 근거를 생존 요청, 역할·배분 계약, 첫 실행 인정, 상실 뒤 전투 권한, 경쟁자 제거 욕망, 편지·장비·창문 통제, 전면 순종 거절, 정신 비용 장부, 종족 공공권한 부채, 미완 가족 회복과 제도적 입지 계획으로 재절단했다.","보호받던 신입이 상실을 전투 권한으로 바꾼 뒤 그 권한이 언제 보호·통제로 갈라지며, 가족·종족·자기 선택의 부채를 어떻게 다시 인수하는가.",,,기법 연구
RR-REF46-MACRO-AUDIT-60-20260805,,APPLIED,"원문 재독 가치 PASS / 장면·스토리·캐릭터·작가 선택 균형 PASS / 기존 장면 차별성 PASS / 집필 사용 시점 PASS / 중복·포화 PASS / 표면 모방 경계 CAUTION. 막힌 창문·고유 혈통·시스템 보상 외형이 아니라 관계 기억 비대칭, 외부 활동권 침해, 힘과 선택권을 보존한 경계 설정, 공공 권한 부채만 검색 좌표로 사용한다. 실패 0건, 주의 1건. 신규 복구 계속 가능.",Notion 02-D 연구 영수증. 누적 Macro 60건 지점 감사.,Yes,Yes,"TH-REF46-07 · 회차 리셋은 현지 기억과 사건을 초기화하되 공략 기억·외부 준비·접근 권리를 누적시킨다 (https://app.notion.com/p/TH-REF46-07-3b2baa79eaae811a85c6eb22fc4f3464?pvs=21), TH-REF46-08 · 보호받던 신입은 상실을 전투 권한으로 바꾸되 통제·가족·종족 부채를 다시 조정해야 한다 (https://app.notion.com/p/TH-REF46-08-3b2baa79eaae819a83bffda262ebc9c5?pvs=21)","TH-07 후반 4건: 기억·군세로 신뢰 압축, 관계 기억 비대칭, 형식상 성공 거절과 현재 욕망, 개인 선택의 집단 목표 번역. TH-08 6건: 신입 역할 획득, 상실 뒤 전투 권한, 보호의 통제 변질, 전면 순종 거절과 관계 경계, 전투 권한의 정신 비용, 가족·공동체 부채 재인수.",Macro 60건 누적 지점의 SOP v5 정기 감사. 반복·관계·성장이라는 큰 범주가 아니라 원문에서 다시 볼 권리 이동과 선택 순서를 보존하는지 확인했다.,누적 Macro 51~60이 원문 재독 가치·네 축 균형·기존 장면 차별성·집필 검색성·중복 포화·표면 모방 경계를 유지하는가.,,,기법 연구
RR-REF46-TH09-RECUT-V1-20260805,,APPLIED,"신규 원천 장면 12건, 익명 독서본 12건, Macro 6건, Micro 1건. 공식 명칭보다 명칭 직후 열리거나 닫히는 보물 접근·검증대·격리·군사령부·조직원 처벌 완화·후견 기대를 보존했다.","Notion 03-A/03-C/03-E/03-F, TH-REF46-09 및 /mnt/data/ref46_evidence/TH-REF46-09/recut_v1",Yes,Yes,TH-REF46-09 · 조직은 같은 공적 기록을 영웅·악령·귀족 서사로 재편해 권리와 의무를 배분한다 (https://app.notion.com/p/TH-REF46-09-3b2baa79eaae811eb5d5d2eba4b389c5?pvs=21),"231~232화 115,251~115,815행 / 338~341화 166,323~167,817행 / 431~433화 212,247~213,735행 / 706~708화 334,341~335,150행.","넓은 공식 기록 근거를 상징 회유, 작위·접근권 보상, 공식 낙인, 기록 승인 목적 추론, 귀환자 격리, 개선식 서사 편집, 공개 본명 선언에 의한 강제 수정, 유가족 잔여, 작위의 전시 복무·보호 양면, 내부 권한 승계로 재절단했다.",같은 공적 기록이 조직 필요에 따라 영웅·공식 낙인 대상·비밀 임무 수행자·소집 대상 귀족으로 재편될 때 어떤 접근권·보호권·복무 의무·처벌 위험이 실제로 바뀌는가.,,,기법 연구
RR-REF46-MACRO-AUDIT-70-20260805,,APPLIED,"원문 재독 가치 PASS / 장면·스토리·캐릭터·작가 선택 균형 PASS / 기존 장면 차별성 PASS / 집필 사용 시점 PASS / 중복·포화 PASS / 표면 모방 경계 CAUTION. 작위·개선식·기억 삭제 약·진실 장치의 외형을 가져오지 않고 공식 범주가 여는 권리·의무, 계약 우회가 남기는 책임, 반복 이행이 만드는 예측 가능성만 검색 좌표로 사용한다. 실패 0건, 주의 1건. TH-10 복구 계속 가능.",Notion 02-D 연구 영수증. 누적 Macro 70건 지점 감사.,Yes,Yes,"TH-REF46-09 · 조직은 같은 공적 기록을 영웅·악령·귀족 서사로 재편해 권리와 의무를 배분한다 (https://app.notion.com/p/TH-REF46-09-3b2baa79eaae811eb5d5d2eba4b389c5?pvs=21), TH-REF46-10 · 적대자는 복수·생존·귀환 목표를 분리한 채 반복 협력으로 조건부 동료가 된다 (https://app.notion.com/p/TH-REF46-10-3b2baa79eaae81a1899bceec7c09794d?pvs=21)","TH-09 6건: 상징 회유, 공식 낙인, 귀환자 영웅 서사 편집, 공개 기록 강제 수정, 작위의 복무·보호 양면, 내부 권한 승계. TH-10 선행 4건: 계약 우회 적대성, 구조 공적과 불신 병존, 반복 역할 이행과 정보 경계, 귀환 약속의 실제 이행.",Macro 70건 누적 지점의 SOP v5 정기 감사. 공식 기록과 적대적 협력이라는 서로 다른 연구축이 단순 ‘권력’·‘신뢰’ 추상어로 뭉개지지 않고 원문 선택 순서와 권리 변화를 재발견하게 하는지 확인했다.,누적 Macro 61~70이 원문 재독 가치·장면/스토리/캐릭터/작가 선택 균형·기존 장면 차별성·집필 검색성·중복 포화·표면 모방 경계를 유지하는가.,,,기법 연구
RR-REF46-TH10-RECUT-V1-20260805,,APPLIED,"신규 원천 장면 14건, 익명 독서본 14건, Macro 6건, Micro 1건. 누적 Macro 70건 정기 감사 통과: 실패 0건, 표면 모방 경계 주의 1건. 신뢰를 호감이나 무방비가 아니라 약점을 가진 상태에서도 조건을 이행하는 예측 가능성으로 보존했다.","Notion 03-A/03-C/03-E/03-F, TH-REF46-10 및 /mnt/data/ref46_evidence/TH-REF46-10/recut_v1",Yes,Yes,TH-REF46-10 · 적대자는 복수·생존·귀환 목표를 분리한 채 반복 협력으로 조건부 동료가 된다 (https://app.notion.com/p/TH-REF46-10-3b2baa79eaae81a1899bceec7c09794d?pvs=21),"148화 71,555~71,729행 / 276~282화 136,863~140,179행 / 285~287화 141,713~142,579행 / 300~306화 149,705~151,409행.","넓은 적대적 동행 근거를 계약 우회, 협박자의 정보 독점 해체, 구조와 불신 병존, 반복 역할 이행, 미끼 잔류와 표류 공동 생존, 귀환 협상과 약속 이행, 어린 적대자 우회 처리, 정체 검증과 약점 확보, 복수·귀환 목표 분리, 가족·신분·안전 조건의 미래 동료 약속으로 재절단했다.",과거 적대성과 범죄 책임을 지우지 않은 채 반복 협력·약속 이행·정체 검증이 어떻게 예측 가능한 조건부 동료권으로 바뀌는가.,,,기법 연구
RR-REF46-TH11-RECUT-V1-20260805,,APPLIED,"신규 원천 장면 15건, 익명 독서본 15건, Macro 6건, Micro 1건. 공통 출신·친근한 호칭·정보 교환을 아군 판정과 분리하고, 제삼자 구원 계약의 종속 비용을 반례로 보존했다. 누적 Macro 78건.","Notion 03-A/03-C/03-E/03-F, TH-REF46-11 및 /mnt/data/ref46_evidence/TH-REF46-11/recut_v1",Yes,Yes,TH-REF46-11 · 공통 출신과 정보 교환은 동맹을 보장하지 않으며 귀환 목표와 결별 조건을 명시해야 협력자가 된다 (https://app.notion.com/p/TH-REF46-11-3b2baa79eaae8104b078e11d53f587b3?pvs=21),"124화 59,669~59,989행 / 250~251화 124,851~125,303행 / 312~313화 154,743~154,903행 / 340화 167,359~167,479행 / 435~437화 214,817~215,807행 / 469~470화 231,219~231,527행 / 477화 234,789~234,913행 / 500~501화 246,081~246,533행.","넓은 동향인·귀환 협력 근거를 출신 인증과 접근권, 현실 정체 검증, 현실 관계 제한, 구원 계약의 평가권 독점과 종속 비용, 상호 정체 확인, 귀환 목표 시험, 동료 위해 시 결별선, 상징 이용 책임과 보호선, 예정된 미래·플랜 B 공개, 지원 범위와 결별 조건이 포함된 협력자 계약으로 재절단했다.","공통 출신과 정보 교환이 동맹을 보장하지 않을 때, 어떤 접근권·은폐 범위·지원 약속·결별 조건을 명시해야 제한 협력이 안정되는가.",,,기법 연구
RR-REF46-MACRO-AUDIT-80-20260805,,APPLIED,"원문 재독 가치 PASS / 장면·스토리·캐릭터·작가 선택 균형 PASS / 기존 장면 차별성 PASS / 집필 사용 시점 PASS / 중복·포화 PASS / 표면 모방 경계 CAUTION. 진실 보석·가면 집회·귀환 버튼·가족 구출 같은 고유 외형이 아니라 검증 접근권, 발화 정보량, 주관적 확신, 지원 범위, 결별 조건을 검색 좌표로 사용한다. 실패 0건, 주의 1건. TH-12 복구 계속 가능.",Notion 02-D 연구 영수증. 누적 Macro 80건 지점 감사.,Yes,Yes,"TH-REF46-10 · 적대자는 복수·생존·귀환 목표를 분리한 채 반복 협력으로 조건부 동료가 된다 (https://app.notion.com/p/TH-REF46-10-3b2baa79eaae81a1899bceec7c09794d?pvs=21), TH-REF46-11 · 공통 출신과 정보 교환은 동맹을 보장하지 않으며 귀환 목표와 결별 조건을 명시해야 협력자가 된다 (https://app.notion.com/p/TH-REF46-11-3b2baa79eaae8104b078e11d53f587b3?pvs=21), TH-REF46-12 · 진실 판정 장치는 발화자의 확신만 인증해 질문권·묵비권·문장 설계가 협상권을 결정한다 (https://app.notion.com/p/TH-REF46-12-3b2baa79eaae8151975ad0c5e1f503a2?pvs=21)","TH-10 후반 2건: 정체 검증과 약점 보유·목표 분리, 가족/신분/안전 조건의 미래 동료권. TH-11 6건: 출신 기반 접근권, 현실 정체 검증과 관계 제한, 구원 계약의 종속 비용, 귀환 목표·결별선 시험, 상징 이용 책임과 보호선, 플랜 B·지원 범위·결별 조건의 협력자 계약. TH-12 선행 2건: 검증 접근권 강제 확보, 참 판정과 정보량·주관적 확신 분리.","Macro 80건 누적 지점의 SOP v5 정기 감사. 관계 변화와 정보 검증이 모두 추상적 신뢰로 합쳐지지 않고, 누가 질문·거절·지원·결별·검증을 결정하는지와 그 권리 이동을 원문에서 다시 발견하게 하는지 확인했다.",누적 Macro 71~80이 원문 재독 가치·장면/스토리/캐릭터/작가 선택 균형·기존 장면 차별성·집필 검색성·중복 포화·표면 모방 경계를 유지하는가.,,,기법 연구
RR-REF46-TH12-RECUT-V1-20260805,,APPLIED,"신규 원천 장면 11건 + 기존 원천 장면 2건 재사용, 익명 독서본 11건 + 기존 1건 재사용, 신규 Macro 4건 + 기존 Macro 1건 재사용, Micro 1건. 누적 Macro 80건 정기 감사 통과 후 신규 Macro를 계속 등록했다. 장치 색보다 접근권·질문 설계·거절권·정보량·출처·평판을 보존했다.","Notion 03-A/03-C/03-E/03-F, TH-REF46-12 및 /mnt/data/ref46_evidence/TH-REF46-12/recut_v1. ZIP SHA-256 f714793fcea00dc84e11d420bb4a69713e7264df8b2b9260d1a6b473f8f483a4",Yes,Yes,TH-REF46-12 · 진실 판정 장치는 발화자의 확신만 인증해 질문권·묵비권·문장 설계가 협상권을 결정한다 (https://app.notion.com/p/TH-REF46-12-3b2baa79eaae8151975ad0c5e1f503a2?pvs=21),"37~40화 17,521~19,115행 / 125~126화 60,383~60,799행 / 307~308화 152,147~152,677행 / 467화 230,255~230,293행 / 471~472화 232,103~232,491행 / 572화 278,379~278,517행.","넓은 진실 장치 근거를 신분 기반 요청권 거부, 약한 검증 실패와 비용 회피, 공개 검증권 강제 확보, 다자 교차 검증, 사적 질문 거절, 최소 문장 정보량 이의, 잘못된 확신 통과, 제작자 조작·질문 교환·폐쇄형 질문, 묵비권과 부분 진실 대비, 상반된 확신·평판 판정, 질문 선택·거절 사유 검증 규칙으로 재절단했다.",진실 판정 장치가 객관적 사실 전체를 보장하지 않을 때 검증 접근권·질문권·묵비권·문장 정보량·답변 선택권이 정보 협상력을 어떻게 배분하는가.,,,기법 연구
RR-REF46-TH13-RECUT-V1-20260805,,APPLIED,"신규 원천 장면 6건 + 기존 4건 재사용, 익명 독서본 6건 + 기존 4건 재사용, 신규 Macro 3건 + 기존 Macro 3건 재사용, Micro 1건. 정보 신뢰를 증거 수가 아니라 실패 방식의 차이와 출처·행동·제삼자 검증의 결합으로 보존했다. 누적 Macro 85건.","Notion 03-A/03-C/03-E/03-F, TH-REF46-13 및 /mnt/data/ref46_evidence/TH-REF46-13/recut_v1. ZIP SHA-256 1961437ff2b53904461f4b8267b39735035e24ed3a1fa1b9d7ded42182bee5e2",Yes,Yes,TH-REF46-13 · 불확실한 정보는 닻 질문·행동 기록·제삼자 공개를 겹쳐야 행동 가능한 신뢰로 바뀐다 (https://app.notion.com/p/TH-REF46-13-3b2baa79eaae811d9137cdc4e97d16f7?pvs=21),"39~40화 공개 교차 검증 재사용 / 92~93화 44,921~45,043행 / 307~309화 기존 질문 설계·묵비 장면 재사용 / 467화 묵비권 대비 장면 재사용 / 481~482화 237,033~237,121행.","넓은 교차 검증 근거를 정보 채널 제한, 알려진 인물 닻 질문, 판매자의 자발적 연결, 발언 출처와 내용 진위 분리, 조직 목적·실행 조건·후속 기관 대응의 설명 구조, 공개 다자 검증, 폐쇄형 질문, 묵비권 대비 증거원 확대, 무질문 압박과 사소한 질문 반응 기준으로 재구성했다.","검증 불가능한 정보가 닻 질문·자발적 연결·행동 설명·독립 증거·반응 기준을 거쳐 언제 행동 가능한 신뢰로 바뀌며, 강압은 왜 답변 획득과 신뢰도 상승을 동일하게 만들지 못하는가.",,,기법 연구
RR-REF46-MACRO-AUDIT-90-20260805,,APPLIED,"원문 재독 가치 PASS / 장면·스토리·캐릭터·작가 선택 균형 PASS / 기존 장면 차별성 PASS / 집필 사용 시점 PASS / 중복·포화 PASS / 표면 모방 경계 CAUTION. 고유 장치·조직·전투 외형보다 질문 선택권, 출처와 진위 분리, 역할 공백 시간, 직군 분포, 자원 집중, 승계 절차를 검색 좌표로 사용한다. 실패 0건, 주의 1건. TH-14 복구 계속 가능.",Notion 02-D 연구 영수증. 누적 Macro 90건 지점 감사.,Yes,Yes,"TH-REF46-12 · 진실 판정 장치는 발화자의 확신만 인증해 질문권·묵비권·문장 설계가 협상권을 결정한다 (https://app.notion.com/p/TH-REF46-12-3b2baa79eaae8151975ad0c5e1f503a2?pvs=21), TH-REF46-13 · 불확실한 정보는 닻 질문·행동 기록·제삼자 공개를 겹쳐야 행동 가능한 신뢰로 바뀐다 (https://app.notion.com/p/TH-REF46-13-3b2baa79eaae811d9137cdc4e97d16f7?pvs=21), TH-REF46-14 · 사망·부상 보고는 역할 공백과 지휘 책임을 다음 편제로 넘기는 인력 손실 장부가 된다 (https://app.notion.com/p/TH-REF46-14-3b2baa79eaae81e4a18bd24aa87f99da?pvs=21)","TH-12 후반 2건: 묵비권 대비 증거원 확대, 질문 선택·거절 사유 검증 규칙. TH-13 3건: 닻 질문과 출처·진위 분리, 조직 행동 설명 구조, 강압 전 반응 기준과 신뢰 비용. TH-14 선행 5건: 손실 속도·직군 분포, 역할 공백·자원 집중, 임무 속행 책임 선언, 실시간 전사 보고·역할 부재 손실, 지휘 공백·승계 투표.","Macro 90건 누적 지점의 SOP v5 정기 감사. 정보 검증·심문·전투 손실·지휘 승계가 모두 ‘신뢰’나 ‘책임’ 추상어로 합쳐지지 않고, 질문·증거·역할·시간·자원·권한의 실제 이동을 원문에서 다시 발견하게 하는지 확인했다.",누적 Macro 81~90이 원문 재독 가치·장면/스토리/캐릭터/작가 선택 균형·기존 장면 차별성·집필 검색성·중복 포화·표면 모방 경계를 유지하는가.,,,기법 연구
RR-REF46-TH14-RECUT-V1-20260805,,APPLIED,"신규 원천 장면 14건, 익명 독서본 14건, Macro 6건, Micro 1건. 누적 Macro 90건 정기 감사 통과 후 마지막 책임 구조 Macro를 등록해 누적 91건. 손실 숫자가 아니라 손실 시점·직군 분포·역할 공백·자원 재배치·최종 책임 귀속을 보존했다.","Notion 03-A/03-C/03-E/03-F, TH-REF46-14 및 /mnt/data/ref46_evidence/TH-REF46-14/recut_v1. ZIP SHA-256 2246a86642bb5100c7ccb2ede1e2c0e40eb3c3dbdd5874558609a0cebf1bd179",Yes,Yes,TH-REF46-14 · 사망·부상 보고는 역할 공백과 지휘 책임을 다음 편제로 넘기는 인력 손실 장부가 된다 (https://app.notion.com/p/TH-REF46-14-3b2baa79eaae81e4a18bd24aa87f99da?pvs=21),"67~69화 32,370~32,967행 / 556~560화 271,700~273,425행 / 604~606화 292,535~293,330행.","넓은 손실 근거를 장기 전투와 지원 붕괴 뒤 손실 속도 비교, 총 사망·생존 직군 분포, 전문 방어 역할 공백, 희귀 자원 집중과 소속 조건 철회, 임무 속행 책임 선언, 실시간 이름·조 전사 보고, 중심 방어자 부재 3분과 21명 사망, 부상·전사 총계, 조장 돌봄·인원 재편, 사령관 사망과 임시 기능 복구, 승계 투표, 직업별 총책임자·하위 파트장 구조로 재절단했다.",전투 손실이 사망 수치로 끝나지 않고 어떤 역할·지원선·명령권이 사라졌는지를 다음 자원 투자·인원 배치·지휘 책임 구조에 어떻게 넘기는가.,,,기법 연구
RR-REF46-TH15-RECUT-V1-20260805,,APPLIED,"신규 원천 장면 14건 + 기존 1건 재사용, 신규 익명 독서본 14건 + 기존 1건 재사용, 신규 Macro 7건 + 기존 Macro 1건 재사용, Micro 1건. 누적 Macro 98건. 실패의 가치를 성공 여부가 아니라 버린 가설·새 관측·요구 사양·공용 지도 범위로 보존했다.","Notion 03-A/03-C/03-E/03-F, TH-REF46-15 및 /mnt/data/ref46_evidence/TH-REF46-15/recut_v1. ZIP SHA-256 8d01475b9d6beb52af2e7f19a11cf96996280df2012b5a350e17009c3f996499",Yes,Yes,TH-REF46-15 · 실패한 탐사·구조 시도는 가설 폐기·도구 요구·지도 갱신으로 다음 시도의 탐색 공간을 줄인다 (https://app.notion.com/p/TH-REF46-15-3b2baa79eaae819d958ad97fbc196994?pvs=21),"604화 292,327~292,505행 / 608~610화 294,430~294,765행 / 614~620화 296,555~299,145행 / 기존 618화 공용 지도 배포 장면 재사용.","넓은 실패 근거를 실패 선언과 놓친 징후 복기, 심해 도달 한계와 동일 방식 중단, 상공 높이·돌풍·복수 목격, 파손 기록구의 환경 요구 사양, 대기 약속 위반의 과잉 탐사 반례, 최초 생존자 구조, 자동 수리 관측과 현장 대기, 최소 병력·분업 확보, 분기 폭증으로 직접 추적 폐기, 지도 100% 뒤 전제 수정, 독립 단서 결합, 관제권과 안전 실험, 공용 지도 배포, 숨은 대기실 구조와 후유증으로 재절단했다.",실패한 탐사·구조가 같은 행동 반복이 아니라 폐기된 방법·추가된 관측·새 도구 요구·구조 능력 증가·지도 모델 수정으로 다음 탐색 공간을 어떻게 줄이는가.,,,기법 연구
RR-REF46-MACRO-AUDIT-100-20260805,,APPLIED,"원문 재독 가치 PASS / 장면·스토리·캐릭터·작가 선택 균형 PASS / 기존 장면 차별성 PASS / 집필 사용 시점 PASS / 중복·포화 PASS / 표면 모방 경계 CAUTION. 특정 지도·장치·퍼센트 외형이 아니라 실패 뒤 폐기된 전제, 구조 능력의 단계적 증가, 계약 종료 시점, 자산 유형별 노동 가치, 역할 변화 시 재협상 가능성을 검색 좌표로 사용한다. 실패 0건, 주의 1건. TH-16 복구 계속 가능.",Notion 02-D 연구 영수증. 누적 Macro 100건 지점 감사.,Yes,Yes,"TH-REF46-14 · 사망·부상 보고는 역할 공백과 지휘 책임을 다음 편제로 넘기는 인력 손실 장부가 된다 (https://app.notion.com/p/TH-REF46-14-3b2baa79eaae81e4a18bd24aa87f99da?pvs=21), TH-REF46-15 · 실패한 탐사·구조 시도는 가설 폐기·도구 요구·지도 갱신으로 다음 시도의 탐색 공간을 줄인다 (https://app.notion.com/p/TH-REF46-15-3b2baa79eaae819d958ad97fbc196994?pvs=21), TH-REF46-16 · 분배 비율은 현재 기여와 특수 노동을 가격화하고 성장 뒤 재협상되는 동료 계약이다 (https://app.notion.com/p/TH-REF46-16-3b2baa79eaae81959914c903d52e51e2?pvs=21)","TH-14 마지막 1건: 최종 책임과 직업별 실행 책임 사슬. TH-15 7건: 실패 선언·도달 한계·관측 추가·도구 요구·과잉 탐사 반례·단계적 구조·지도 전제 수정·관제권. TH-16 선행 2건: 위기 임시 계약과 장기 계약 분리, 현재 기여·특수 노동·재협상 조건의 분배 계약.","Macro 100건 누적 지점의 SOP v5 정기 감사. 실패·구조·분배가 모두 추상적인 성장이나 공정성으로 뭉개지지 않고, 버린 방법·새 관측·기능 증가·계약 종료·재협상 조건을 원문에서 다시 발견하게 하는지 확인했다.",누적 Macro 91~100이 원문 재독 가치·장면/스토리/캐릭터/작가 선택 균형·기존 장면 차별성·집필 검색성·중복 포화·표면 모방 경계를 유지하는가.,,,기법 연구
RR-REF46-TH16-RECUT-V1-20260805,,APPLIED,"신규 원천 장면 12건 + 기존 1건 재사용, 익명 독서본 12건 + 기존 1건 재사용, 신규 Macro 5건 + 기존 Macro 1건 재사용, Micro 1건. 누적 Macro 103건. 분배율을 친밀감 보상이 아니라 현재 관계 지위와 재협상 가능성을 나타내는 계약 장부로 보존했다.","Notion 03-A/03-C/03-E/03-F, TH-REF46-16 및 /mnt/data/ref46_evidence/TH-REF46-16/recut_v1. ZIP SHA-256 e8c1f9ee7eb35b9baf6194fd9dbd9376166deeabe8910a421a485616b215e2f3",Yes,Yes,TH-REF46-16 · 분배 비율은 현재 기여와 특수 노동을 가격화하고 성장 뒤 재협상되는 동료 계약이다 (https://app.notion.com/p/TH-REF46-16-3b2baa79eaae81959914c903d52e51e2?pvs=21),"10화 4,143~4,197행 / 17화 7,661~7,845행 / 159화 76,675~76,805행 / 173화 83,337~83,419행 / 312~313화 154,289~155,099행.","불균등 임시 계약의 종료 시점과 실제 집행, 장기 동행의 별도 균등 제안, 생활 책임·현재 전력·특수 노동의 가격화, 성장 후 재협상 조건, 실제 분배율 인상, 내부 매입 채무, 사후 균등 유산, 고정 등급·무배당 노동 반례로 재절단했다.","분배 비율이 현재 기여·희소 노동·위험 부담·성장 가능성을 어떻게 가격화하며, 최초 비율이 실제 역할 변화 뒤 다시 열리는가.",,,기법 연구
RR-REF46-TH17-RECUT-V1-20260805,,APPLIED,"신규 원천 장면 11건, 익명 독서본 11건, Macro 5건, Micro 1건. 누적 Macro 108건. 소유권 확정과 사용·보유·처분 권리를 한 장면에서 섞지 않고 단계별로 분리했으며, 처분권 위임 뒤 감시·거부 절차 부재를 미해결로 남겼다.","Notion 03-A/03-C/03-E/03-F, TH-REF46-17 및 /mnt/data/ref46_evidence/TH-REF46-17/recut_v1. ZIP SHA-256 6e16cebed9364c1778f453e4d7852c4759b4da1d297542cc8a54d5cb40188e67",Yes,Yes,TH-REF46-17 · 공동 전리품은 현금 분배·개인 매입·공용 비축·군자금으로 용도별 권리를 분리해 보존된다 (https://app.notion.com/p/TH-REF46-17-3b2baa79eaae8185ba74ff7f2d4b7850?pvs=21),"167화 80,557~80,915행 / 202화 99,565~99,729행 / 447화 220,825~220,859행.","외부 소유권 충돌과 관례·공식 분쟁·평판 비용, 소유권 확정 뒤 판매·개인 사용과 내부 매입, 균등 현금·특수 노동 가산·공용 소모품·개인 장비·공용 장비의 장부 분리, 군자금 처분권 위임, 권한 집중 통제 공백, 재가공 소재의 공동 사용 결정으로 재절단했다.",공동 획득물의 외부 소유권·현금 수익권·개인 사용권·공용 보유권·처분권을 어떤 순서로 분리해야 장기 공동체 자산이 보존되는가.,,,기법 연구
RR-REF46-FINAL-AUDIT-20260805,,APPLIED,TH-12~17 완료. 최종 Macro 108건. 명확한 03-A 중복 3건 [DEPRECATED 중복] 표시. TH-01~03 로컬 manifest 유실은 감사용 복구 manifest로 수량·상태만 복원. TH-05 package_status 보정. TH-06 ZIP 과거 영수증 해시와 현재 파일 해시 불일치는 패키징 재현성 주의로 기록. 연구 판정은 PARTIAL_READING·원천 경계 exact이며 전체 순차 완독으로 과장하지 않음.,"Notion 02-D/02-E, 로컬 /mnt/data/ref46_evidence/TH-REF46-01~17, TH-16 ZIP e8c1f9ee7eb35b9baf6194fd9dbd9376166deeabe8910a421a485616b215e2f3, TH-17 ZIP 6e16cebed9364c1778f453e4d7852c4759b4da1d297542cc8a54d5cb40188e67",Yes,Yes,"TH-REF46-12 · 진실 판정 장치는 발화자의 확신만 인증해 질문권·묵비권·문장 설계가 협상권을 결정한다 (https://app.notion.com/p/TH-REF46-12-3b2baa79eaae8151975ad0c5e1f503a2?pvs=21), TH-REF46-13 · 불확실한 정보는 닻 질문·행동 기록·제삼자 공개를 겹쳐야 행동 가능한 신뢰로 바뀐다 (https://app.notion.com/p/TH-REF46-13-3b2baa79eaae811d9137cdc4e97d16f7?pvs=21), TH-REF46-14 · 사망·부상 보고는 역할 공백과 지휘 책임을 다음 편제로 넘기는 인력 손실 장부가 된다 (https://app.notion.com/p/TH-REF46-14-3b2baa79eaae81e4a18bd24aa87f99da?pvs=21), TH-REF46-15 · 실패한 탐사·구조 시도는 가설 폐기·도구 요구·지도 갱신으로 다음 시도의 탐색 공간을 줄인다 (https://app.notion.com/p/TH-REF46-15-3b2baa79eaae819d958ad97fbc196994?pvs=21), TH-REF46-16 · 분배 비율은 현재 기여와 특수 노동을 가격화하고 성장 뒤 재협상되는 동료 계약이다 (https://app.notion.com/p/TH-REF46-16-3b2baa79eaae81959914c903d52e51e2?pvs=21), TH-REF46-17 · 공동 전리품은 현금 분배·개인 매입·공용 비축·군자금으로 용도별 권리를 분리해 보존된다 (https://app.notion.com/p/TH-REF46-17-3b2baa79eaae8185ba74ff7f2d4b7850?pvs=21)","원문 SHA-256 9cf9d175c228c02e960a04f3d721f29bb4362b380065f2fd200b828291ba1191. TH-12~17 완료 패키지와 Notion 03-A/03-C/03-E/03-F 등록, Macro 누적 108건, 정기 감사 40·50·60·70·80·90·100건.","전체 활성 TH 복구 종료 후 최종 무결성·범위 감사를 수행하고, 명확한 비정본 중복을 비파괴 표시하며 로컬 유실·해시 불일치를 숨기지 않고 주의 항목으로 남겼다.",REF-46의 TH-01~17 복구가 원문 재독 가치·익명화·관계 링크·중복 통제·정기 감사·로컬 패키지 무결성을 충족하는가.,,,기법 연구
RR-REF46-K061-PERSISTENT-SOURCE-RESTORE-20260805,K061,APPLIED,K061 참고작 독서 차단 원인 해소. SCENE-174~177 페이지에 PERSISTENT_SOURCE_ATTACHED 상태와 실제 원문 첨부가 추가됐다. 기존 무효 후보는 복구하지 않았고 CURRENT-STATE·정본·커밋 체인은 전진시키지 않았다.,03-A SCENE-174~177 원천 페이지 및 차단 기록 REF-READ-BLOCK-JSNG-K061-v001,Yes,Yes,TH-REF46-12 · 진실 판정 장치는 발화자의 확신만 인증해 질문권·묵비권·문장 설계가 협상권을 결정한다 (https://app.notion.com/p/TH-REF46-12-3b2baa79eaae8151975ad0c5e1f503a2?pvs=21),"SCENE-174~177의 TH-12 발췌 파일을 원본 ZIP SHA-256 f714793fcea00dc84e11d420bb4a69713e7264df8b2b9260d1a6b473f8f483a4에서 추출했다. 개별 SHA-256은 7e1b33e7…, a68afd67…, ec3c3922…, f9f2c053…로 차단 기록과 일치한다.",기존 03-A 페이지에는 임시 /mnt/data 경로와 해시만 있어 새 채팅에서 실제 원문을 읽을 수 없었다. 네 실제 발췌 본문을 Notion 파일 첨부로 영속 저장하고 각 원천 페이지에 직접 연결했다.,K061의 ORIGINAL_SCENE_READING에 필요한 REF-46 네 장면이 새 런타임에서도 실제 본문으로 다시 열리는가.,,,기법 연구
RR-REF46-PERSISTENT-SOURCE-RESTORE-PARTIAL-20260805,공용,HOLD,"연구 복원 227/227, Notion 직접 독서 가능 15/227. 전체 완료로 과장하지 않으며 잔여 212개는 HOLD. 통합 패키지 SHA-256 2e9710b1baddbbf2315caf820656995e499945caea3481d1a89d783e13cf983a.",REF-46 원천 레지스트리의 집필용 영속 원문층 복구 섹션 및 /mnt/data/ref46_persistent_source_volumes_http://v1.zip,Yes,Yes,,전체 원문 SHA-256 9cf9d175c228c02e960a04f3d721f29bb4362b380065f2fd200b828291ba1191. TH-01~17의 227개 장면을 실제 원문 범위로 재구성하고 개별 SHA-256을 매니페스트에 기록했다.,227개 근거 본문 복원과 12개 볼륨 생성은 완료. K061 4개와 TH-17 11개는 Notion 영속 첨부 완료. 나머지 212개는 현재 Notion 첨부 도구가 로컬 파일을 직접 입력받지 못해 대량 전송이 차단됨.,REF-46의 03-A 원천 장면 전체가 새 런타임에서도 실제 발췌 본문으로 직접 재독 가능한가.,,,기법 연구
RR-REF39-SOURCE-BOUNDARY-RESTORE-20260805,REF-39 전체 원문,APPLIED,기존 1~401 자동 경계 중단 원인은 원문 누락이 아니라 402회 이후 표제 형식 변화였다. 본편 489회와 외전 60회를 합쳐 549회 경계를 exact로 복구했다.,02-A · REF 원천 레지스트리 / Notion 영속 file 블록 16개,No,Yes,,원본 바이트 SHA-256 0ef706836268320924af872fd489a06bd856b66ab6416a1e9f7306677fc22569. 549회 경계와 12개 볼륨 매니페스트 직접 검증.,"REF-39 원천 레지스트리에 안내 1개, 원문 볼륨 12개, 549회 매니페스트, 경계 보고서, 원본 바이트 백업 ZIP이 실제 Notion file 블록으로 영속 첨부됐다. 03-A 장면 재절단과 ORIGINAL_SCENE_READING 허용은 후속 단계로 분리한다.",REF-39 전체 원문이 새 채팅에서도 재진입 가능한 영속 원천층으로 보존되는가?,,없음 · 원천 복구,REF-39