카드명,기능 대분류,적용 조건,작동 원리,변화 방향,독자 효과,실행 완료 조건,심층 적용 메모,심층 증거 스레드,금지 조건,충돌 조건,반복 위험
F17 · 영향의 전승을 말투가 아닌 판단권으로 증명,캐릭터 구현,"- 원래 인물의 판단 습관이 이전 장면에서 행동으로 증명됐다.
- 수용자에게 영향받기 전부터 독립 욕망·두려움·책임 영역이 있다.
- 현재 원문에서 실제 권한·정보·위험·업무 중 하나가 이전된다.
- 수용자의 선택이 주변 인물이나 조직의 행동을 바꿀 수 있다.","한 인물의 영향은 다른 인물이 같은 말과 행동을 반복하는 것으로 증명하지 않는다. 영향을 받은 인물이 자기 욕망·역할·지식에 따라 배운 판단 기준을 변형하고, 실제 권한·정보·위험을 넘겨받은 자리에서 원래 인물과 다른 결론까지 감수하게 한다.",모방·승인 대기 → 자기 기준으로 변형·독립 판단·책임 부담,주인공의 영향력은 유지하면서도 조연·제자·후계자가 복제물이 아니라 자기 욕망과 책임을 가진 독립 인물로 성장한 감각을 준다.,"영향을 받은 인물이 원래 인물에게서 배운 판단 기준을 자기 욕망·역할·지식에 맞게 변형하고, 단순 모방이나 승인 대기가 아닌 독립 선택을 한다. 그 선택이 정보·권한·위험·책임·관계 중 최소 하나를 실제로 바꾸며, 원래 인물이나 주변 조직의 재반응까지 현재 장면 또는 원문 범위 안에서 확인된다.","먼저 원래 인물이 반복 행동으로 증명한 판단 기준과 수용자가 원래부터 가진 욕망·두려움·책임을 분리한다. 이후 원문에 실제로 권한·정보·위험이 이전되는 지점에서, 수용자가 배운 기준을 그대로 복사하지 않고 자기 위치에서 재해석하게 한다. 깊이는 말투가 닮았다는 감탄이 아니라 같은 기준으로도 다른 질문·우선순위·대가를 택하는 데서 나온다. 독립 선택이 원래 인물의 예상과 다르더라도 즉시 오류로 교정하지 않고, 현재 원문에 존재하는 결과와 재반응을 보존한다. 부재·귀환·후계자 설정은 필수가 아니며, 원문에 후속 전승이 없으면 해당 장면에서 카드 사용을 종료한다.","TH-REF04-ENG-01 · 반복은 정답이 아니라 선택 기준을 바꾼다 (TH-REF04-ENG-01%20%C2%B7%20%EB%B0%98%EB%B3%B5%EC%9D%80%20%EC%A0%95%EB%8B%B5%EC%9D%B4%20%EC%95%84%EB%8B%88%EB%9D%BC%20%EC%84%A0%ED%83%9D%20%EA%B8%B0%EC%A4%80%EC%9D%84%20%EB%B0%94%EA%BE%BC%EB%8B%A4%20fcdbaa79eaae826baf488136f0805e4c.md), TH-REF04-REL-01 · 추상 명제는 관계 행동으로 정산된다 (TH-REF04-REL-01%20%C2%B7%20%EC%B6%94%EC%83%81%20%EB%AA%85%EC%A0%9C%EB%8A%94%20%EA%B4%80%EA%B3%84%20%ED%96%89%EB%8F%99%EC%9C%BC%EB%A1%9C%20%EC%A0%95%EC%82%B0%EB%90%9C%EB%8B%A4%20c23baa79eaae822cb5140142f8937722.md), TH-REF08-ORG-01 · 아이디어가 타인의 이해를 거쳐 제도가 된다 (TH-REF08-ORG-01%20%C2%B7%20%EC%95%84%EC%9D%B4%EB%94%94%EC%96%B4%EA%B0%80%20%ED%83%80%EC%9D%B8%EC%9D%98%20%EC%9D%B4%ED%95%B4%EB%A5%BC%20%EA%B1%B0%EC%B3%90%20%EC%A0%9C%EB%8F%84%EA%B0%80%20%EB%90%9C%EB%8B%A4%206bebaa79eaae82e7860e015d30d6dbcf.md), TH-REF25-ORG-01 · 한 사람의 방식이 집단의 판단 언어로 변형된다 (TH-REF25-ORG-01%20%C2%B7%20%ED%95%9C%20%EC%82%AC%EB%9E%8C%EC%9D%98%20%EB%B0%A9%EC%8B%9D%EC%9D%B4%20%EC%A7%91%EB%8B%A8%EC%9D%98%20%ED%8C%90%EB%8B%A8%20%EC%96%B8%EC%96%B4%EB%A1%9C%20%EB%B3%80%ED%98%95%EB%90%9C%EB%8B%A4%20888baa79eaae839d818381549a35dfd8.md), TH-REF25-ENG-01 · 과거의 후회가 현재의 기초 선택으로 바뀐다 (TH-REF25-ENG-01%20%C2%B7%20%EA%B3%BC%EA%B1%B0%EC%9D%98%20%ED%9B%84%ED%9A%8C%EA%B0%80%20%ED%98%84%EC%9E%AC%EC%9D%98%20%EA%B8%B0%EC%B4%88%20%EC%84%A0%ED%83%9D%EC%9C%BC%EB%A1%9C%20%EB%B0%94%EB%80%90%EB%8B%A4%2011fbaa79eaae8361a470018a52b07771.md), TH-REF16-TRI-01 · 독자·인물·작가가 상호 책임으로 재배치된다 (TH-REF16-TRI-01%20%C2%B7%20%EB%8F%85%EC%9E%90%C2%B7%EC%9D%B8%EB%AC%BC%C2%B7%EC%9E%91%EA%B0%80%EA%B0%80%20%EC%83%81%ED%98%B8%20%EC%B1%85%EC%9E%84%EC%9C%BC%EB%A1%9C%20%EC%9E%AC%EB%B0%B0%EC%B9%98%EB%90%9C%EB%8B%A4%20b31baa79eaae833f901d01aea4acb70a.md), TH-REF16-GRP-01 · 집단이 부재한 사람을 왜곡 가능성째 복원한다 (TH-REF16-GRP-01%20%C2%B7%20%EC%A7%91%EB%8B%A8%EC%9D%B4%20%EB%B6%80%EC%9E%AC%ED%95%9C%20%EC%82%AC%EB%9E%8C%EC%9D%84%20%EC%99%9C%EA%B3%A1%20%EA%B0%80%EB%8A%A5%EC%84%B1%EC%A7%B8%20%EB%B3%B5%EC%9B%90%ED%95%9C%EB%8B%A4%206bdbaa79eaae83ff96400108887b9ed0.md)","- 후계자·제자·동료에게 원래 인물의 말투·농담·욕설·결론을 복제하지 않는다.
- 원래 인물의 승인 없이는 아무 결정도 못 하게 만들지 않는다.
- 독립 선택이 나오자마자 서사가 틀린 선택으로 교정하지 않는다.
- 원문에 없는 권한·후계 구도·결별·조직 개편을 추가하지 않는다.
- 군사 훈련·의례처럼 의도적 표준화가 필요한 영역까지 억지로 차별화하지 않는다.","발동 중단: 실제 권한 이전 없음, 수용자의 독립 욕망 없음, 의도적 표준화가 핵심인 장면",중간
F16 · 관계마다 다른 충분한 답,관계·대화,"- 인물마다 지식·욕망·직위·두려움·관계 부담이 다르다.
- 같은 발화를 서로 다르게 받아들일 근거가 앞 장면이나 위키에 있다.
- 청자의 반응이 정보·계약·업무·거리·위험·책임 중 하나를 바꾼다.
- 비언어 행동이나 후속 행동이 그 수용 의미를 증명할 수 있다.","인물의 목소리는 어미나 말버릇보다 무엇을 질문으로 인정하고, 어떤 증거·책임·행동을 충분한 답으로 받아들이는지에서 갈린다. 핵심 발화에서는 발화자의 의도와 청자의 수용 의미를 분리하고, 청자가 자기 목표와 관계 부담에 따라 문자 답변·프레임 거부·오해·침묵·지연 수용·행동 답변 중 하나를 선택하게 한다. 의미는 비언어 행동과 뒤 책임 이동에서 정산한다.",,"같은 목표를 가진 인물들의 대사를 자연스럽게 구분하고, 관계 변화가 설명 길이·질문 방식·침묵의 의미에 나타나게 한다.","핵심 발화 뒤 청자의 반응이 말투 장식에 머물지 않고 정보·책임·관계 거리·업무·위험·다음 선택 중 하나를 실제로 바꾼다. 서로 다른 인물의 반응 차이는 각자의 지식·욕망·관계 권리에서 설명되며, 비언어 행동이나 후속 행동이 수용 의미를 정산한다.","이 카드는 인물별 어미나 말버릇을 만드는 카드가 아니다. 먼저 발화자의 문자 내용과 목적을 분리하고, 청자가 가진 정보·체면·현재 필요·관계 권리로 그 말을 재분류하게 한다. 청자는 문자 답변, 숨은 목적에 대한 답변, 프레임 거부, 오해, 침묵, 지연 수용, 행동 답변 중 자기에게 가능한 반응을 택한다. 깊이는 반응의 화려함이 아니라 그 반응이 어떤 책임·정보·거리·행동을 이동시키는지에서 나온다. 긴급 명령·수치 확인·의례 응답처럼 정확성이 우선인 장면에는 해석 분기를 강제하지 않는다. 농담·침묵·냉소를 만능 반응으로 반복하지 않고, 공동 사건과 관계 이력이 없는 호칭·핀잔을 친밀감으로 오인하지 않는다.","TH-REF24-DLG-04 · 발화 내용과 수용 의미의 분리 (TH-REF24-DLG-04%20%C2%B7%20%EB%B0%9C%ED%99%94%20%EB%82%B4%EC%9A%A9%EA%B3%BC%20%EC%88%98%EC%9A%A9%20%EC%9D%98%EB%AF%B8%EC%9D%98%20%EB%B6%84%EB%A6%AC%200acbaa79eaae82fa858d816f00e835fb.md), TH-REF24-DLG-05 · 청자별 수용 분기와 후속 행동 (TH-REF24-DLG-05%20%C2%B7%20%EC%B2%AD%EC%9E%90%EB%B3%84%20%EC%88%98%EC%9A%A9%20%EB%B6%84%EA%B8%B0%EC%99%80%20%ED%9B%84%EC%86%8D%20%ED%96%89%EB%8F%99%208f0baa79eaae831796c681d9b5bf6421.md), TH-REF19-DLG-01 · 제도적 문장의 이중 기능 (TH-REF19-DLG-01%20%C2%B7%20%EC%A0%9C%EB%8F%84%EC%A0%81%20%EB%AC%B8%EC%9E%A5%EC%9D%98%20%EC%9D%B4%EC%A4%91%20%EA%B8%B0%EB%8A%A5%20e61baa79eaae8348902481f7070cf2ab.md), TH-REF19-DLG-02 · 선택을 묻는 척 거래를 설계하기 (TH-REF19-DLG-02%20%C2%B7%20%EC%84%A0%ED%83%9D%EC%9D%84%20%EB%AC%BB%EB%8A%94%20%EC%B2%99%20%EA%B1%B0%EB%9E%98%EB%A5%BC%20%EC%84%A4%EA%B3%84%ED%95%98%EA%B8%B0%2014cbaa79eaae82b5b75001239a392adc.md), TH-REF19-DLG-03 · 농담·물건·침묵이 함께 정하는 정보 가격 (TH-REF19-DLG-03%20%C2%B7%20%EB%86%8D%EB%8B%B4%C2%B7%EB%AC%BC%EA%B1%B4%C2%B7%EC%B9%A8%EB%AC%B5%EC%9D%B4%20%ED%95%A8%EA%BB%98%20%EC%A0%95%ED%95%98%EB%8A%94%20%EC%A0%95%EB%B3%B4%20%EA%B0%80%EA%B2%A9%20c06baa79eaae82be87d381d435840bf6.md), TH-REF19-DLG-04 · 유머가 질문의 잔여를 지우지 않는 법 (TH-REF19-DLG-04%20%C2%B7%20%EC%9C%A0%EB%A8%B8%EA%B0%80%20%EC%A7%88%EB%AC%B8%EC%9D%98%20%EC%9E%94%EC%97%AC%EB%A5%BC%20%EC%A7%80%EC%9A%B0%EC%A7%80%20%EC%95%8A%EB%8A%94%20%EB%B2%95%20b59baa79eaae8247a854017bba5a07bf.md), TH-REF18-DLG-01 · 해석 격차가 농담과 결정 변화를 동시에 만든다 (TH-REF18-DLG-01%20%C2%B7%20%ED%95%B4%EC%84%9D%20%EA%B2%A9%EC%B0%A8%EA%B0%80%20%EB%86%8D%EB%8B%B4%EA%B3%BC%20%EA%B2%B0%EC%A0%95%20%EB%B3%80%ED%99%94%EB%A5%BC%20%EB%8F%99%EC%8B%9C%EC%97%90%20%EB%A7%8C%EB%93%A0%EB%8B%A4%20261baa79eaae8355aa3c0109570fcadc.md), TH-REF24-DLG-01 · 농담형 공방의 층위 (TH-REF24-DLG-01%20%C2%B7%20%EB%86%8D%EB%8B%B4%ED%98%95%20%EA%B3%B5%EB%B0%A9%EC%9D%98%20%EC%B8%B5%EC%9C%84%20256baa79eaae838293f181b2ebb42627.md), TH-REF24-DLG-02 · 반복 농담의 관계 변주 (TH-REF24-DLG-02%20%C2%B7%20%EB%B0%98%EB%B3%B5%20%EB%86%8D%EB%8B%B4%EC%9D%98%20%EA%B4%80%EA%B3%84%20%EB%B3%80%EC%A3%BC%20847baa79eaae83648bf501d25a33dcb9.md), TH-REF24-DLG-03 · 농담 뒤 진심과 행동 정산 (TH-REF24-DLG-03%20%C2%B7%20%EB%86%8D%EB%8B%B4%20%EB%92%A4%20%EC%A7%84%EC%8B%AC%EA%B3%BC%20%ED%96%89%EB%8F%99%20%EC%A0%95%EC%82%B0%2030abaa79eaae8378882b81d0b768ee52.md), TH-REF19-DLG-05 · 호칭 농담이 누적 관계를 증명하는 순간 (TH-REF19-DLG-05%20%C2%B7%20%ED%98%B8%EC%B9%AD%20%EB%86%8D%EB%8B%B4%EC%9D%B4%20%EB%88%84%EC%A0%81%20%EA%B4%80%EA%B3%84%EB%A5%BC%20%EC%A6%9D%EB%AA%85%ED%95%98%EB%8A%94%20%EC%88%9C%EA%B0%84%20281baa79eaae820482b001a17b7543de.md), TH-REF04-REL-01 · 추상 명제는 관계 행동으로 정산된다 (TH-REF04-REL-01%20%C2%B7%20%EC%B6%94%EC%83%81%20%EB%AA%85%EC%A0%9C%EB%8A%94%20%EA%B4%80%EA%B3%84%20%ED%96%89%EB%8F%99%EC%9C%BC%EB%A1%9C%20%EC%A0%95%EC%82%B0%EB%90%9C%EB%8B%A4%20c23baa79eaae822cb5140142f8937722.md), TH-REF04-EXP-01 · 우주적 개념을 몸과 사후 행동으로 내려놓는다 (TH-REF04-EXP-01%20%C2%B7%20%EC%9A%B0%EC%A3%BC%EC%A0%81%20%EA%B0%9C%EB%85%90%EC%9D%84%20%EB%AA%B8%EA%B3%BC%20%EC%82%AC%ED%9B%84%20%ED%96%89%EB%8F%99%EC%9C%BC%EB%A1%9C%20%EB%82%B4%EB%A0%A4%EB%86%93%EB%8A%94%EB%8B%A4%207ccbaa79eaae8350943a811c36b1dcbc.md), TH-REF25-DLG-01 · 자의식과 현실의 어긋남이 인물형 유머를 만든다 (TH-REF25-DLG-01%20%C2%B7%20%EC%9E%90%EC%9D%98%EC%8B%9D%EA%B3%BC%20%ED%98%84%EC%8B%A4%EC%9D%98%20%EC%96%B4%EA%B8%8B%EB%82%A8%EC%9D%B4%20%EC%9D%B8%EB%AC%BC%ED%98%95%20%EC%9C%A0%EB%A8%B8%EB%A5%BC%20%EB%A7%8C%EB%93%A0%EB%8B%A4%20d2cbaa79eaae8345a317811df42b0365.md)","- 어미·욕설·감탄사만 달리해 목소리 차이를 만들지 않는다.
- 모든 말에 숨은 의도를 붙이거나 청자가 늘 정확히 간파하게 하지 않는다.
- 농담·냉소·침묵 중 하나를 만능 반응으로 고정하지 않는다.
- 모든 대사 뒤 표정·한숨·고개 끄덕임을 기계적으로 붙이지 않는다.
- 의례적 확인이나 긴급 명령에 불필요한 해석 분기를 만들지 않는다.
- 참고작의 말버릇·호칭·소품 동작을 복제하지 않는다.",발동 중단: 의례적 동일 응답,
GTC-03 · 관계 변화를 결정권의 재배치로 보여주기,관계·대화,"- 두 인물에게 서로 다른 이해관계와 정보가 있다.
- 관계 변화가 정보 공개·검증 유예·거부권·역할·위험 분담 중 하나를 바꾼다.
- 새 권리에는 비용이나 책임이 붙는다.
- 이후 장면에서 그 권리가 행사되거나 거절·회수되는 장면을 추적할 수 있다.","관계 변화는 친밀감 선언이 아니라 정보 공개 범위·재검증 요구·거부권·역할 분담·위험 분담·신체 접근 같은 실제 권리의 이동으로 기록한다. 권리를 얻는 쪽뿐 아니라 그 대가와 책임, 파열 시 회수되는 권리까지 추적한다.",,,"장면 전후로 정보 공개 범위·재검증권·거부권·역할 결정권·위험 분담·신체 접근 중 최소 하나가 실제로 이동한다. 이동한 권리에는 책임·비용·제약이 붙고, 대사상 친밀감 선언만으로 완료 처리하지 않는다. 후속 회차에 같은 관계 구조를 강제로 이어가지 않으며, 원문에 그 권리가 다시 행사되거나 회수될 때만 재선택한다.","관계 변화는 호감의 증감이 아니라 서로에게 허용된 요청·거절·정보·검증·행동의 범위가 달라지는 것으로 읽는다. 공정한 거래 뒤에도 중요한 정보는 재검증할 수 있고, 적대 집단의 개인을 인정하면서도 조직 전체를 신뢰하지 않을 수 있으며, 가까운 동료를 보호하는 대신 위험한 선택을 존중하는 것이 더 큰 신뢰일 수도 있다. 강한 권한을 맡는 인물이 자신의 오류 가능성을 인정하는 경우, 그 고백은 실제 교정권·제동권·권한 범위 제한으로 이어져야 하며 책임까지 축소해서는 안 된다. 현재 장면에서 누구에게 어떤 권리가 새로 생기거나 줄어드는지, 그 권리 때문에 누가 무엇을 부담하는지를 명시한다. 긴급 상황의 임시 위임이나 설명 유예를 장기 신뢰로 확대하지 않는다. 새 비밀 고백·계약·관계를 만들어 권리 이동을 완성하지 않고, 원문에 이미 존재하는 선택과 반응 안에서만 적용한다.","TH-REF01-REL-01 · 신뢰를 호감이 아니라 정보 범위로 쓰기 (TH-REF01-REL-01%20%C2%B7%20%EC%8B%A0%EB%A2%B0%EB%A5%BC%20%ED%98%B8%EA%B0%90%EC%9D%B4%20%EC%95%84%EB%8B%88%EB%9D%BC%20%EC%A0%95%EB%B3%B4%20%EB%B2%94%EC%9C%84%EB%A1%9C%20%EC%93%B0%EA%B8%B0%2005cbaa79eaae8258a26301b9727edff6.md), TH-REF19-DLG-03 · 농담·물건·침묵이 함께 정하는 정보 가격 (TH-REF19-DLG-03%20%C2%B7%20%EB%86%8D%EB%8B%B4%C2%B7%EB%AC%BC%EA%B1%B4%C2%B7%EC%B9%A8%EB%AC%B5%EC%9D%B4%20%ED%95%A8%EA%BB%98%20%EC%A0%95%ED%95%98%EB%8A%94%20%EC%A0%95%EB%B3%B4%20%EA%B0%80%EA%B2%A9%20c06baa79eaae82be87d381d435840bf6.md), TH-REF19-DLG-05 · 호칭 농담이 누적 관계를 증명하는 순간 (TH-REF19-DLG-05%20%C2%B7%20%ED%98%B8%EC%B9%AD%20%EB%86%8D%EB%8B%B4%EC%9D%B4%20%EB%88%84%EC%A0%81%20%EA%B4%80%EA%B3%84%EB%A5%BC%20%EC%A6%9D%EB%AA%85%ED%95%98%EB%8A%94%20%EC%88%9C%EA%B0%84%20281baa79eaae820482b001a17b7543de.md), TH-REF04-REL-01 · 추상 명제는 관계 행동으로 정산된다 (TH-REF04-REL-01%20%C2%B7%20%EC%B6%94%EC%83%81%20%EB%AA%85%EC%A0%9C%EB%8A%94%20%EA%B4%80%EA%B3%84%20%ED%96%89%EB%8F%99%EC%9C%BC%EB%A1%9C%20%EC%A0%95%EC%82%B0%EB%90%9C%EB%8B%A4%20c23baa79eaae822cb5140142f8937722.md), TH-REF08-REL-01 · 질문 난이도와 책임 이동이 협업 관계를 바꾼다 (TH-REF08-REL-01%20%C2%B7%20%EC%A7%88%EB%AC%B8%20%EB%82%9C%EC%9D%B4%EB%8F%84%EC%99%80%20%EC%B1%85%EC%9E%84%20%EC%9D%B4%EB%8F%99%EC%9D%B4%20%ED%98%91%EC%97%85%20%EA%B4%80%EA%B3%84%EB%A5%BC%20%EB%B0%94%EA%BE%BC%EB%8B%A4%20286baa79eaae832381a881b66d6579ea.md), TH-REF25-GRP-01 · 집단 결정은 이견과 책임을 보존한다 (TH-REF25-GRP-01%20%C2%B7%20%EC%A7%91%EB%8B%A8%20%EA%B2%B0%EC%A0%95%EC%9D%80%20%EC%9D%B4%EA%B2%AC%EA%B3%BC%20%EC%B1%85%EC%9E%84%EC%9D%84%20%EB%B3%B4%EC%A1%B4%ED%95%9C%EB%8B%A4%209debaa79eaae82349e15015bb07a71dc.md), TH-REF25-REL-01 · 집단의 적대와 개인의 길을 분리해 판단한다 (TH-REF25-REL-01%20%C2%B7%20%EC%A7%91%EB%8B%A8%EC%9D%98%20%EC%A0%81%EB%8C%80%EC%99%80%20%EA%B0%9C%EC%9D%B8%EC%9D%98%20%EA%B8%B8%EC%9D%84%20%EB%B6%84%EB%A6%AC%ED%95%B4%20%ED%8C%90%EB%8B%A8%ED%95%9C%EB%8B%A4%20a24baa79eaae83d6aea4015dda0c6051.md), TH-REF05-REL-01 · 위험한 비밀과 도덕 이견이 관계 권리를 바꾼다 (TH-REF05-REL-01%20%C2%B7%20%EC%9C%84%ED%97%98%ED%95%9C%20%EB%B9%84%EB%B0%80%EA%B3%BC%20%EB%8F%84%EB%8D%95%20%EC%9D%B4%EA%B2%AC%EC%9D%B4%20%EA%B4%80%EA%B3%84%20%EA%B6%8C%EB%A6%AC%EB%A5%BC%20%EB%B0%94%EA%BE%BC%EB%8B%A4%20fbabaa79eaae831a8e2d8104dcda3372.md), TH-REF18-REL-01 · 관계가 요청·응답·교환·가르침의 권한으로 자란다 (TH-REF18-REL-01%20%C2%B7%20%EA%B4%80%EA%B3%84%EA%B0%80%20%EC%9A%94%EC%B2%AD%C2%B7%EC%9D%91%EB%8B%B5%C2%B7%EA%B5%90%ED%99%98%C2%B7%EA%B0%80%EB%A5%B4%EC%B9%A8%EC%9D%98%20%EA%B6%8C%ED%95%9C%EC%9C%BC%EB%A1%9C%20%EC%9E%90%EB%9E%80%EB%8B%A4%205ddbaa79eaae82e69e760129c128c993.md), TH-REF26-GOV-01 · 무오류 약속 대신 상호 교정권을 주어 신뢰를 만든다 (TH-REF26-GOV-01%20%C2%B7%20%EB%AC%B4%EC%98%A4%EB%A5%98%20%EC%95%BD%EC%86%8D%20%EB%8C%80%EC%8B%A0%20%EC%83%81%ED%98%B8%20%EA%B5%90%EC%A0%95%EA%B6%8C%EC%9D%84%20%EC%A3%BC%EC%96%B4%20%EC%8B%A0%EB%A2%B0%EB%A5%BC%20%EB%A7%8C%EB%93%A0%EB%8B%A4%20a11baa79eaae832ba3180162bcb3c000.md)","- 비밀 고백 한 번을 완전한 신뢰나 대등 관계로 처리하지 않는다.
- ‘이제 믿는다’는 독백만 두고 행동 권리를 그대로 두지 않는다.
- 도움·거래·가르침을 한 방향으로만 흐르게 하지 않는다.
- 강압을 자발적 선택이라는 말로 지우지 않는다.
- 긴급 상황의 임시 효율을 장기 신뢰로 오인하지 않는다.
- 특정 거래 소품·첩보 설정·호칭을 복제하지 않는다.",,
F10 · 조직의 번역 연쇄,장면 연출,"- 제안자와 수용자의 지식·권한·위험이 다르다.
- 수용자의 질문·반론·수정이 계획·비용·시행 순서·허용 범위 중 하나를 바꾼다.
- 실행 권한과 실패 책임 또는 사후 수정권이 실제로 이전된다.
- 결정 뒤 실행·보고·재협상 장면을 추적할 수 있다.","제안·명령·아이디어는 발화 순간 조직의 것이 되지 않는다. 수용자가 자기 지식·이해관계·위험에서 질문하거나 수정하고, 각 발언과 행동이 기준·정보·권리·비용 중 하나를 바꾸게 한다. 결론 뒤에는 실행자·수정권자·비용 담당자 중 최소 둘이 실제 역할로 남아야 한다.",,조직과 팀을 주인공의 손발이 아니라 독립된 지식과 책임을 가진 공동 창작·실행 주체로 보이게 한다.,"참여자의 질문·반론·수정·제약 인수 중 하나가 계획·비용·권한·시행 순서·접근성 중 최소 하나를 실제로 바꾸고, 결론 뒤 실행자·수정권자·비용 담당자 또는 검증 주체 중 최소 둘이 남는다. 조직 또는 여러 세력의 후속 행동이 달라져야 하며, 발언자 수만 늘어난 경우는 완료로 보지 않는다.","조직 장면의 깊이는 참여자 수나 전문 용어 수가 아니라, 각 사람이 서로 다른 손실·권한·책임을 들고 들어와 최종안과 실행 구조에 흔적을 남기는 데서 생긴다. 제안자는 목적과 맹점을 제시하고, 수용자는 자기 역할에서 질문·거부·수정을 하며, 그 결과 계획·비용·시행 순서·허용 범위 중 하나가 바뀌어야 한다. 지휘자가 전문가를 보호하는 장면에서는 ‘믿고 맡긴다’는 말이 아니라 시간·평판·안전·조율·자원 같은 외부 제약을 실제로 인수하고, 성공 뒤에도 생산·접근·동선·보완 인력의 병목을 책임지는지 본다. 다중 세력은 하나의 연설로 설득하지 않고 각자의 권위·검증 도구·안전 우려를 원문에 존재하는 범위에서 따로 처리한다. 새 조직·직군·제도·절차를 만들어 완성하지 않으며, 긴급 명령이나 이미 확립된 반복 절차에는 불필요한 이견을 추가하지 않는다.","TH-REF08-ORG-01 · 아이디어가 타인의 이해를 거쳐 제도가 된다 (TH-REF08-ORG-01%20%C2%B7%20%EC%95%84%EC%9D%B4%EB%94%94%EC%96%B4%EA%B0%80%20%ED%83%80%EC%9D%B8%EC%9D%98%20%EC%9D%B4%ED%95%B4%EB%A5%BC%20%EA%B1%B0%EC%B3%90%20%EC%A0%9C%EB%8F%84%EA%B0%80%20%EB%90%9C%EB%8B%A4%206bebaa79eaae82e7860e015d30d6dbcf.md), TH-REF08-REL-01 · 질문 난이도와 책임 이동이 협업 관계를 바꾼다 (TH-REF08-REL-01%20%C2%B7%20%EC%A7%88%EB%AC%B8%20%EB%82%9C%EC%9D%B4%EB%8F%84%EC%99%80%20%EC%B1%85%EC%9E%84%20%EC%9D%B4%EB%8F%99%EC%9D%B4%20%ED%98%91%EC%97%85%20%EA%B4%80%EA%B3%84%EB%A5%BC%20%EB%B0%94%EA%BE%BC%EB%8B%A4%20286baa79eaae832381a881b66d6579ea.md), TH-REF25-GRP-01 · 집단 결정은 이견과 책임을 보존한다 (TH-REF25-GRP-01%20%C2%B7%20%EC%A7%91%EB%8B%A8%20%EA%B2%B0%EC%A0%95%EC%9D%80%20%EC%9D%B4%EA%B2%AC%EA%B3%BC%20%EC%B1%85%EC%9E%84%EC%9D%84%20%EB%B3%B4%EC%A1%B4%ED%95%9C%EB%8B%A4%209debaa79eaae82349e15015bb07a71dc.md), TH-REF25-ORG-01 · 한 사람의 방식이 집단의 판단 언어로 변형된다 (TH-REF25-ORG-01%20%C2%B7%20%ED%95%9C%20%EC%82%AC%EB%9E%8C%EC%9D%98%20%EB%B0%A9%EC%8B%9D%EC%9D%B4%20%EC%A7%91%EB%8B%A8%EC%9D%98%20%ED%8C%90%EB%8B%A8%20%EC%96%B8%EC%96%B4%EB%A1%9C%20%EB%B3%80%ED%98%95%EB%90%9C%EB%8B%A4%20888baa79eaae839d818381549a35dfd8.md), TH-REF05-GRP-01 · 역할 분담이 자원·안전·발언권으로 변한다 (TH-REF05-GRP-01%20%C2%B7%20%EC%97%AD%ED%95%A0%20%EB%B6%84%EB%8B%B4%EC%9D%B4%20%EC%9E%90%EC%9B%90%C2%B7%EC%95%88%EC%A0%84%C2%B7%EB%B0%9C%EC%96%B8%EA%B6%8C%EC%9C%BC%EB%A1%9C%20%EB%B3%80%ED%95%9C%EB%8B%A4%2062bbaa79eaae82b1847f813bda15db84.md), TH-REF05-RES-01 · 실패·이탈·손실이 다음 집단 선택에 남는다 (TH-REF05-RES-01%20%C2%B7%20%EC%8B%A4%ED%8C%A8%C2%B7%EC%9D%B4%ED%83%88%C2%B7%EC%86%90%EC%8B%A4%EC%9D%B4%20%EB%8B%A4%EC%9D%8C%20%EC%A7%91%EB%8B%A8%20%EC%84%A0%ED%83%9D%EC%97%90%20%EB%82%A8%EB%8A%94%EB%8B%A4%2074fbaa79eaae832aa74c010657992348.md), TH-REF16-GRP-01 · 집단이 부재한 사람을 왜곡 가능성째 복원한다 (TH-REF16-GRP-01%20%C2%B7%20%EC%A7%91%EB%8B%A8%EC%9D%B4%20%EB%B6%80%EC%9E%AC%ED%95%9C%20%EC%82%AC%EB%9E%8C%EC%9D%84%20%EC%99%9C%EA%B3%A1%20%EA%B0%80%EB%8A%A5%EC%84%B1%EC%A7%B8%20%EB%B3%B5%EC%9B%90%ED%95%9C%EB%8B%A4%206bdbaa79eaae83ff96400108887b9ed0.md), TH-REF26-ORG-01 · 지휘자가 외부 제약을 인수해 전문가를 핵심 과업에 고립시킨다 (TH-REF26-ORG-01%20%C2%B7%20%EC%A7%80%ED%9C%98%EC%9E%90%EA%B0%80%20%EC%99%B8%EB%B6%80%20%EC%A0%9C%EC%95%BD%EC%9D%84%20%EC%9D%B8%EC%88%98%ED%95%B4%20%EC%A0%84%EB%AC%B8%EA%B0%80%EB%A5%BC%20%ED%95%B5%EC%8B%AC%20%EA%B3%BC%EC%97%85%EC%97%90%20%EA%B3%A0%EB%A6%BD%EC%8B%9C%ED%82%A8%2080cbaa79eaae8235b0e601182e46cb7e.md), TH-REF26-GRP-01 · 다중 세력은 각자의 권위와 검증 도구를 차례로 전환해 움직인다 (TH-REF26-GRP-01%20%C2%B7%20%EB%8B%A4%EC%A4%91%20%EC%84%B8%EB%A0%A5%EC%9D%80%20%EA%B0%81%EC%9E%90%EC%9D%98%20%EA%B6%8C%EC%9C%84%EC%99%80%20%EA%B2%80%EC%A6%9D%20%EB%8F%84%EA%B5%AC%EB%A5%BC%20%EC%B0%A8%EB%A1%80%EB%A1%9C%20%EC%A0%84%ED%99%98%ED%95%B4%20%EC%9B%80%EC%A7%81%20bcfbaa79eaae82a8b9b401515bca5484.md)","- 발언자 수나 직군별 전문 용어만 늘려 다중 판단처럼 보이게 하지 않는다.
- 모든 반론이 주인공의 천재성을 설명하는 질문으로 수렴하게 하지 않는다.
- 반대자를 결론 직후 지우거나, 위임 뒤에도 모든 판단을 제안자에게 되돌리지 않는다.
- 긴급 전투 명령이나 이미 확립된 반복 절차에 불필요한 회의와 이견을 추가하지 않는다.
- 원문에 없는 직군·제도·실행 절차를 만들지 않는다.",발동 중단: 실제 단독 작업,
F08 · 반복 표지의 기능 변화,회차 설계,"- 초기에 등장한 표현 또는 행동 표지와 당시의 발화 의도·청자 수용이 확인된다.
- 그 사이 공동 사건과 관계 권리·신뢰·부채의 변화가 누적됐다.
- 재등장 뒤 청자의 응답이나 행동이 과거와 달라지는 근거가 있다.
- 사물·장소·조직 규칙으로 범위를 넓힐 때는 별도의 직접 근거가 있다.","관계 초기에 형성된 호칭·질문 습관·핀잔·침묵·반복 행동을 그대로 재현하지 않는다. 공동 사건과 신뢰·빚·발화 권리가 누적된 만큼 같은 표지의 기능을 바꾸거나, 더는 쓰지 않거나, 다른 인물이 되돌려 쓰게 한다. 안정된 캐릭터 목소리 자체는 유지하고 수용 의미와 뒤 행동을 변화시킨다.",,"장편의 시간이 실제로 쌓였다는 감각과, 후반 장면이 초반을 새롭게 읽게 만드는 감정적 깊이를 만든다.","원문에 이미 존재한 호칭·질문 습관·핀잔·침묵·반복 행동 중 하나가 재등장·중단·역전·직접화되고, 그 사이 누적된 사건과 관계 권리 때문에 현재 청자의 수용 또는 후속 행동이 과거와 달라진다. 같은 문구의 반복만으로 완료 처리하지 않으며, 변화된 기능은 실제 선택·업무·거리·책임·돌봄 중 하나로 증명된다.","먼저 표지의 최초 등장, 당시 발화 의도와 청자 수용, 그 표현이 허용되거나 금지된 이유를 확인한다. 그 뒤 공동 위험·오해·약속·거절·책임 이동이 무엇을 누적했는지 대조하고, 현재 장면에서는 동일 표현의 다른 의미, 다른 표현의 같은 방어, 표현 중단, 사용 주체의 역전, 우회에서 직접 인정으로의 전환 중 원문에 맞는 방식만 사용한다. 캐릭터의 안정된 목소리를 바꾸지 않고 수용 의미와 뒤 행동을 변화시킨다. 관계 이력이나 반복 표지가 원문에 없으면 발동하지 않으며, 상처·금기·권력 침해를 친밀한 농담으로 덮지 않는다. 유행어·호칭을 반복 횟수만 늘려 장편 누적처럼 보이게 하지 않는다.","TH-REF24-DLG-02 · 반복 농담의 관계 변주 (TH-REF24-DLG-02%20%C2%B7%20%EB%B0%98%EB%B3%B5%20%EB%86%8D%EB%8B%B4%EC%9D%98%20%EA%B4%80%EA%B3%84%20%EB%B3%80%EC%A3%BC%20847baa79eaae83648bf501d25a33dcb9.md), TH-REF24-DLG-03 · 농담 뒤 진심과 행동 정산 (TH-REF24-DLG-03%20%C2%B7%20%EB%86%8D%EB%8B%B4%20%EB%92%A4%20%EC%A7%84%EC%8B%AC%EA%B3%BC%20%ED%96%89%EB%8F%99%20%EC%A0%95%EC%82%B0%2030abaa79eaae8378882b81d0b768ee52.md), TH-REF24-DLG-04 · 발화 내용과 수용 의미의 분리 (TH-REF24-DLG-04%20%C2%B7%20%EB%B0%9C%ED%99%94%20%EB%82%B4%EC%9A%A9%EA%B3%BC%20%EC%88%98%EC%9A%A9%20%EC%9D%98%EB%AF%B8%EC%9D%98%20%EB%B6%84%EB%A6%AC%200acbaa79eaae82fa858d816f00e835fb.md), TH-REF24-DLG-05 · 청자별 수용 분기와 후속 행동 (TH-REF24-DLG-05%20%C2%B7%20%EC%B2%AD%EC%9E%90%EB%B3%84%20%EC%88%98%EC%9A%A9%20%EB%B6%84%EA%B8%B0%EC%99%80%20%ED%9B%84%EC%86%8D%20%ED%96%89%EB%8F%99%208f0baa79eaae831796c681d9b5bf6421.md), TH-REF19-DLG-03 · 농담·물건·침묵이 함께 정하는 정보 가격 (TH-REF19-DLG-03%20%C2%B7%20%EB%86%8D%EB%8B%B4%C2%B7%EB%AC%BC%EA%B1%B4%C2%B7%EC%B9%A8%EB%AC%B5%EC%9D%B4%20%ED%95%A8%EA%BB%98%20%EC%A0%95%ED%95%98%EB%8A%94%20%EC%A0%95%EB%B3%B4%20%EA%B0%80%EA%B2%A9%20c06baa79eaae82be87d381d435840bf6.md), TH-REF19-DLG-05 · 호칭 농담이 누적 관계를 증명하는 순간 (TH-REF19-DLG-05%20%C2%B7%20%ED%98%B8%EC%B9%AD%20%EB%86%8D%EB%8B%B4%EC%9D%B4%20%EB%88%84%EC%A0%81%20%EA%B4%80%EA%B3%84%EB%A5%BC%20%EC%A6%9D%EB%AA%85%ED%95%98%EB%8A%94%20%EC%88%9C%EA%B0%84%20281baa79eaae820482b001a17b7543de.md), TH-REF18-DLG-01 · 해석 격차가 농담과 결정 변화를 동시에 만든다 (TH-REF18-DLG-01%20%C2%B7%20%ED%95%B4%EC%84%9D%20%EA%B2%A9%EC%B0%A8%EA%B0%80%20%EB%86%8D%EB%8B%B4%EA%B3%BC%20%EA%B2%B0%EC%A0%95%20%EB%B3%80%ED%99%94%EB%A5%BC%20%EB%8F%99%EC%8B%9C%EC%97%90%20%EB%A7%8C%EB%93%A0%EB%8B%A4%20261baa79eaae8355aa3c0109570fcadc.md), TH-REF18-CHR-01 · 감정 선언 없이 약속·변호·꺼림칙함이 누적된다 (TH-REF18-CHR-01%20%C2%B7%20%EA%B0%90%EC%A0%95%20%EC%84%A0%EC%96%B8%20%EC%97%86%EC%9D%B4%20%EC%95%BD%EC%86%8D%C2%B7%EB%B3%80%ED%98%B8%C2%B7%EA%BA%BC%EB%A6%BC%EC%B9%99%ED%95%A8%EC%9D%B4%20%EB%88%84%EC%A0%81%EB%90%9C%EB%8B%A4%20280baa79eaae838f893d015c8e7a3197.md)","- 유행어·호칭·농담을 반복 횟수만 늘려 친밀감이나 상징으로 선언하지 않는다.
- 적대 표현을 공동 기억과 허용 근거 없이 갑자기 친밀한 농담으로 바꾸지 않는다.
- 관계가 변했다는 이유로 안정된 말투와 성격을 통째로 교체하지 않는다.
- 참고작의 욕설·성적 농담·관계 궤적을 복제하지 않는다.
- 원문에 반복 표지가 없으면 발동하지 않는다.",발동 중단: 원문 반복 표지 없음,