장면명,REF 코드,관찰 좌표,내부 위치,마지막 검토,상태,식별자 비노출,역할 표기,연결 장면,원문 확보,장면 역할,장면 조건,표면 모방 위험
동료가 주인공의 남은 시간을 자기 위험 선택의 기준으로 받아들이는 장면,REF-11,제한 시간은 주인공의 내부 압박에 머물지 않는다. 동료 A가 함께 본 시간과 관계 기억을 근거로 자기 용기를 판정하고 행동을 선택한다.,321화 238~274행,2026년 8월 4일,준비,Yes,"주인공, 동료 A",주인공이 남은 시간을 직접 묻는 장면 / 부상 지체를 수련 기회로 바꾸는 장면,Yes,"핵심, 후속","주인공은 제한된 삶을 계속 위험에 쓰고 있음, 동료는 오래 곁에서 이를 관찰함, 동료 자신도 치명적 위험을 감수할 선택 앞에 섬",낮음
부상으로 지체된 시간을 별도 수련 기회로 바꾸는 장면,REF-11,선배의 일반적 충고가 주인공에게는 시간 배분 방식의 변경으로 수용된다. 지체를 수련 시간으로 재분류하지만 조바심 자체가 사라지지는 않는다.,255화 116~146행,2026년 8월 4일,준비,Yes,"주인공, 선배 A",동료가 남은 시간을 자기 결단 기준으로 삼는 장면 / 과잉 시간이 고립으로 바뀌는 장면,Yes,"핵심, 후속","신체 손상으로 출발이 지연됨, 남은 시간이 생존과 직결됨, 선배는 제한 시간을 모른 채 조바심을 누그러뜨림",낮음
감당 못할 시간이 숙련의 축복에서 고립의 형벌로 뒤집히는 장면,REF-11,과잉 시간은 여러 기술을 완성시키지만 인간 한계와 불가능을 확인시킨 뒤 정신 붕괴 위험으로 바뀐다. 주인공은 기억 속 인물들을 불러내고 그들과 대화하며 시간을 다시 견딜 수 있게 만든다.,780화 24~104행 + 140~216행,2026년 8월 4일,준비,Yes,"주인공, 기억 속 인물들",부상 지체를 수련 기회로 바꾸는 장면 / 남은 시간을 직접 묻는 장면 / 스승과 제자 역할이 역전되는 후일담,Yes,"대비, 실패, 핵심, 후속","외부와 단절된 공간에서 사실상 무한에 가까운 시간을 얻음, 기술 숙련은 빠르게 진전되지만 인간 관계는 없음",중간
남은 시간을 직접 묻고 그 하루의 사용 의미를 함께 받는 장면,REF-11,"주인공은 추측하지 않고 남은 시간을 직접 묻는다. 현자 A는 수치만 답하지 않고, 그 시간 동안 정리할 인연과 오늘의 가치를 함께 판정한다.",771화 128~146행,2026년 8월 4일,준비,Yes,"주인공, 현자 A",감당 못할 시간이 고립으로 바뀌는 장면 / 최종부의 살아가는 시간,Yes,"핵심, 후속","중대한 기술의 균형이 깨져 사용 가능 시간이 제한됨, 주변에는 오래된 원한과 인연이 동시에 모여 있음",낮음
옛 스승이 과거의 제자에게 다시 가르침을 청하는 장면,REF-11,"기억을 되찾으라는 조언 뒤 옛 스승 A가 체면이나 기존 서열을 지키지 않고 가르침을 요청한다. 서술은 스승과 제자의 역할 역전을 직접 한 문장으로 확정하고, 후대 제자 B의 서열 질문으로 새 관계망을 연다.",829화 118~140행,2026년 8월 4일,준비,Yes,"주인공, 옛 스승 A, 후대 제자 B",전승자가 창안자의 그림자를 벗어나는 장면 / 감당 못할 시간을 관계로 견디는 장면,Yes,"이탈, 핵심, 후속","옛 스승 A는 기억을 일부 잃고 다시 공부해야 함, 과거의 제자는 이미 창안자이자 지도자가 됨",낮음
수행자가 여러 원리를 한 번의 자기 검격으로 압축하는 장면,REF-11,"대답 없는 침묵이 부담을 알리고, 주인공은 장 전체를 해결하지 않고 환경만 좁힌다. 수행자 A는 서로 다른 여러 원리를 자기 한 검격에 압축해 결과를 만든 뒤 계보를 인정한다.",578화 312~360행,2026년 8월 4일,준비,Yes,"주인공, 수행자 A",제자가 절박함을 자기 몸으로 해석한 장면 / 전승자가 창안자의 그림자를 벗어나는 장면,Yes,"핵심, 후속","수행자 A가 강적을 감당하기 어려움, 주인공은 범위를 좁혀 도움을 주지만 마지막 공격은 수행자가 맡음",높음
전승자가 창안자의 그림자를 벗어난 순간을 창안자가 기뻐하는 장면,REF-11,"선대 수행자 A가 분노의 초식을 버리고 자기 평온과 삶을 요결로 삼자, 창안자는 영향력 상실로 보지 않고 일맥이 분파한 성취로 받아들인다.",809화 74~106행,2026년 8월 4일,준비,Yes,"창안자, 선대 수행자 A",제자가 절박함을 자기 몸으로 해석한 장면 / 옛 스승이 제자에게 다시 가르침을 청하는 장면,Yes,"이탈, 핵심, 후속",선대 수행자 A는 창안자의 무공을 오래 익혔으나 과거의 분노와 창안자에 대한 집착을 요결로 삼아 왔음,중간
제자가 창안자의 절박함을 자기 몸으로 해석하고 무승부를 만드는 장면,REF-11,제자 A는 기술의 외형보다 창안자의 시간 압박을 읽어 자기 발뒤꿈치·권격·몸의 손상을 결합한다. 결과는 승리가 아니라 양쪽이 치명상을 피하기 위해 합의한 무승부다.,435화 190~260행,2026년 8월 4일,준비,Yes,"제자 A, 경쟁자 A, 창안자",여러 기술을 한 검격으로 압축하는 수행자 장면 / 전승자가 창안자의 그림자를 벗어나는 장면,Yes,"대비, 실패, 핵심","제자는 창안자의 여러 기술을 익혔지만 압도적인 경쟁자와 맞섬, 한쪽 팔과 목숨이 동시에 위험함",높음
11화 · 즉시 습득 뒤 지도자가 침묵으로만 충격을 남기는 장면,REF-11,"주인공은 성취를 과시하지 않고 실전 숙련의 필요를 먼저 말한다. 지도자 A는 질문이나 칭찬 대신 짧은 말막힘과 긴 침묵으로 반응하고, 장면은 그 침묵 직후 끊긴다.",11화 3360~3382행,2026년 8월 4일,준비,Yes,"주인공, 지도자 A",10화 무공 한계 교육 / 15화 경공 부족과 실전 실패,Yes,"대비, 핵심",지도자 A가 몸에 새겨야 한다고 설명한 범용 무공을 주인공이 한 번의 관찰과 실행으로 재현함,낮음
5화 · 호칭 변화가 외부 평가와 진로 선택을 동시에 드러내는 장면,REF-11,"외부 원로 A는 먼저 호칭을 바꾼 뒤 입문을 권한다. 호칭 변화가 평가의 선행 증거가 되고, 최고 수준의 제안이 뒤따르지만 주인공은 이미 정한 진로를 유지한다.",5화 1418~1452행,2026년 8월 4일,준비,Yes,"주인공, 외부 원로 A, 가족 A, 관리인 A",6화 미완 작별 / 8화 공개 비무 후 전문 판정,Yes,"핵심, 후속","주인공이 가문 붕괴 직후 생존과 진로를 결정해야 함, 외부 원로 A는 전날까지 그를 가주의 자식으로만 대함",낮음
28화 · 적의 질문을 무시하고 동료와 역할만 확인한 뒤 공격하는 장면,REF-11,"주인공은 적의 질문에 답하지 않고 가족 A에게 침입 목적을 확인한다. 이어 동료 A에게 후방 보호를 부탁하고, 짧은 수락을 받은 뒤 적에게 한마디도 하지 않은 채 선공한다.",28화 9285~9317행,2026년 8월 4일,준비,Yes,"주인공, 적대자 A, 가족 A, 동료 A",14화 첫 임무의 보호 책임 / 48화 조직 권한으로 보호 임무를 부여하는 장면,Yes,"이탈, 핵심","적대자 A가 우세를 과시하며 방문 목적을 캐묻고, 보호 대상이 바로 뒤에 있음",중간
14화 · 조언을 철회하자 상대가 사과와 감사를 동시에 내놓는 장면,REF-11,"주인공은 허락을 구한 뒤 조언하지만 수용되지 않자 담백하게 사과하고 대화를 끝내려 한다. 그 거리두기가 오히려 상대에게 자기 태도를 재평가하게 만들고, 선배 A는 떠나는 순간 사과와 감사를 함께 말한다.",14화 4280~4357행,2026년 8월 4일,준비,Yes,"주인공, 선배 A",13화 조언 수용 장면 / 14화 이후 선배 A의 기술 재검토,Yes,"대비, 핵심, 후속","주인공이 선배 A의 기술 결함을 발견하지만 두 사람은 아직 가까운 사이가 아님, 선배 A는 처음에는 지적을 받아들이기 어려워함",중간
101화 · 창안 무공의 가치가 열람권 제한과 조직 소란으로 증명되는 장면,REF-11,"평가 문사 A는 비급을 읽으며 말없이 책장을 넘기고 충혈된 눈으로 가치를 재평가한다. 이후 조직은 해당 무맥을 상층으로 이관하고 정식 위계 이상에게만 열람권을 허용하며, 접근권 상실이 집단 반발을 일으킨다.",101화 36590~36677행,2026년 8월 4일,준비,Yes,"주인공, 평가 문사 A, 조직 무인들",26~30화 창안과 숙련 검증 / 143화 임시 지휘가 정식 승계 기대가 되는 장면,Yes,"핵심, 후속",주인공이 자기 창안 무공 여러 종을 조직에 증여하고 가치 평가를 요청함,중간
102화 · 동료의 수치와 부담을 대신 떠안아 보고 임무에서 빼주는 장면,REF-11,"주인공은 동료 A에게 쉬라고 명시하지 않고 자신이 보고를 맡겠다고 먼저 말한다. 동료 A는 짧게 감사하고 물러난다. 선배 A는 그 선택이 생존을 위한 최선이었다고 설명하지만, 주인공은 동료가 죽는 편을 원했을 수 있다고 판단해 감정 비용을 별도로 본다.",102화 36678~36745행,2026년 8월 4일,준비,Yes,"주인공, 동료 A, 선배 A",85화 이해하지 못하는 고통 앞의 침묵 / 93화 해결책 없이 곁에 머무는 장면,Yes,"핵심, 후속","동료 A가 본가에서 아무것도 하지 못한 채 돌아왔고, 임무 보고가 그 실패를 다시 말해야 하는 자리임",낮음
137화 · 처음 나온 감사가 가족 치료 정보에 반응해 튀어나오는 장면,REF-11,"주인공은 평소처럼 명령조로 정보를 듣다가, 가족 치료 가능성과 직접 연결된 보상을 알게 되는 순간 처음으로 짧게 감사한다. 동료 A는 그 말 자체를 놀리듯 되묻고, 주인공은 설명 대신 다시 식사를 가져오라고 명한다.",137화 50431~50525행,2026년 8월 4일,준비,Yes,"주인공, 동료 A, 가족 어른 A",102화 동료의 부담을 업무로 덜어주는 장면 / 143화 선배들이 임시 지휘에 감사를 표하는 장면,Yes,"대비, 핵심","가족 어른 A가 생존했으나 무공 회복이 어려운 상태, 동료 A가 몸보신에 필요한 희귀 보상 정보를 알려 줌",낮음
143화 · 임시 지휘의 성공을 선배들이 정식 승계 기대와 감사로 바꾸는 장면,REF-11,"선배 A는 주인공의 임시 지휘가 무사 귀환을 가능하게 했다고 구체적으로 호명한다. 다른 선배들이 공치사를 덧붙이고, 정식 상위 지위가 되면 편하게 말하기 어렵다는 이유로 지금 감사를 전한다. 장면 말미의 침묵은 어색하지 않은 공동체 상태로 제시된다.",143화 52617~52745행,2026년 8월 4일,준비,Yes,"주인공, 선배 A, 선배들, 동료 A",31~32화 공적을 소속 호명과 전황 변화로 굳히는 장면 / 48화 조직 권한으로 보호 명령을 남기는 장면,Yes,"핵심, 후속","조직 최고 전력 일부가 부상한 채 복귀하고, 주인공이 임시 지휘자로 귀환을 책임짐",중간
표면 승패보다 검의 의도와 공공 위험을 우선하는 검객의 연쇄,REF-11,"초반 검객은 자기 검이 상대 무기를 부러뜨렸어도 출수 순서와 의도에서 졌다고 판정하고 상대의 깨달음을 지킨다. 중후반에는 자기 생애를 한 수에 태워 조직의 승전을 공표하고 큰 후유증을 감수한다. 후일 위험한 신병을 문파 소유가 아니라 민생 위험으로 판단해 파괴를 요구하며, 필요 때문에 잠시 사용한 뒤 그 검 없이도 같은 경지를 유지할 가능성을 얻는다.","8화 107~169행, 249~265행 + 670화 217~297행 + 812화 161~185행 + 823화 211~342행 + 824화 65~119행",2026년 8월 4일,준비,Yes,"검객 A, 주인공, 동료 A, 외부 문파 인물들",신분에 민감한 동료가 실용적 독립 판단자로 변하는 장기 연쇄,Yes,"미해결, 선행, 실패, 핵심, 후속","공정한 입문 비무, 조직 붕괴 직전의 결전, 후유증 상태에서 위험한 신병을 둘러싼 임무",낮음
신분에 민감한 동료가 실용적 독립 판단자로 변하는 장기 연쇄,REF-11,"초반에는 출신과 평가에 예민하고 시험에서 인정받을 가능성을 계산한다. 중반에는 무력보다 보호 행동으로 공적을 얻고 큰 신체 비용을 치른다. 후반에는 강자와 정면 대결하지 않고 위험 물건을 회수하며, 동료를 연민하지 않고 본인의 의사와 공공 위험을 기준으로 임무를 계속한다.","7화 139~179행, 215~305행 + 61화 151~229행 + 812화 59~191행",2026년 8월 4일,준비,Yes,"동료 A, 주인공, 검객 A, 적대 강자 A",성과 축하가 동료의 손실 회복 과제로 뒤집혀 다음 목적지를 정하는 연쇄 / 표면 승패보다 검의 의도와 공공 위험을 우선하는 검객의 연쇄,Yes,"대비, 선행, 핵심, 후속","평가 기관 입문 전후의 불안, 보호 임무의 큰 손실, 후반의 압도적 강자와 위험 물건 회수 임무",낮음
독자 선행 정보가 제한 공유를 거쳐 조직 작전으로 공개되는 연쇄,REF-11,"독자는 서장에서 시한을 알지만 작품 내부 정보는 장기간 제한된다. 최고 지위 승계 직후 배제되어 있던 선배가 사실을 알게 되며 관계 상처가 발생하고, 다음 회합에서 사적 시한이 조직 전체의 출정 목표로 전환된다.","1화 13~51행 + 724화 139~151행 + 725화 5~38행, 57~87행, 249~263행",2026년 8월 4일,준비,Yes,"주인공, 선배 지휘자 A, 진단자 A, 조직 수뇌부",성과 축하가 동료의 손실 회복 과제로 뒤집혀 다음 목적지를 정하는 연쇄 / 감당 못할 시간이 숙련의 축복에서 고립의 형벌로 뒤집히는 장면,Yes,"선행, 핵심, 후속","독자에게는 오래전 확정된 시한이지만 핵심 관계자 일부는 모르며, 주인공이 최고 지위와 후사 책임을 동시에 맡은 상태",낮음
성과 축하가 동료의 손실 회복 과제로 뒤집혀 다음 목적지를 정하는 연쇄,REF-11,"전투 성과와 공적 호명 직후 동료의 회복 불능 가능성을 제시하고, 제삼자의 해결 경로가 개인 공적과 동료 회복을 하나의 다음 임무로 묶는다. 화말은 감정 정산이 아니라 목적지 확정으로 닫힌다.",61화 151~233행,2026년 8월 4일,준비,Yes,"주인공, 동료 A, 조언자 A",독자 선행 정보가 제한 공유를 거쳐 조직 작전으로 공개되는 연쇄,Yes,"핵심, 후속",큰 전투가 끝나 공적과 별호가 확정되지만 동료가 중상을 입어 기존 보상의 의미가 흔들림,낮음
흥미 기반 편애를 드러내던 선배가 조직 판단과 가족적 책임을 함께 떠안는 연쇄,REF-11,"초반 선배 지휘자는 신입의 재능과 생동감을 노골적으로 편애하지만 동시에 부대 생존과 조직 체면을 실무적으로 관리한다. 중후반에는 민간 피해와 조직 여력을 기준으로 외부 요구를 거절하고, 후회와 애정을 바탕으로 후배의 삶을 이해한다. 지위 승계 직후 후배의 시한을 알자 체면이 무너지지만 다시 지휘 응답으로 돌아온다.","97화 67~183행 + 151화 93~127행 + 299화 41~127행 + 445화 45~84행 + 716화 23~58행 + 724화 117~151행 + 725화 5~38행, 249~263행",2026년 8월 4일,준비,Yes,"선배 지휘자 A, 주인공, 조직 구성원들",독자 선행 정보가 제한 공유를 거쳐 조직 작전으로 공개되는 연쇄,Yes,"대비, 선행, 핵심, 후속","전투 부대의 선배가 유망한 신입을 오래 지켜본 뒤 최고 전투 직책을 승계하고, 곧바로 그의 시한을 알게 됨",낮음
고통을 자존심의 근거로 삼던 경쟁자가 선택한 소속과 동료 보호를 우선하는 연쇄,REF-11,"초반 경쟁자는 자기 성취의 고통과 출신·연배를 지위 근거로 삼는다. 주인공이 고통을 이해한다고 가장하지 않고 실제 노력만 인정하자 예외가 열린다. 후반에는 치료를 미끼로 한 배신 제안을 거절하고, 선택한 소속의 합공과 동료 보호를 위해 복잡한 역할을 맡는다.",50화 49~125행 + 104화 61~135행 + 582화 11~119행 + 767화 59~159행 + 776화 119~155행,2026년 8월 4일,준비,Yes,"경쟁자 A, 주인공, 동료들, 적대 통치자 A",신분에 민감한 동료가 실용적 독립 판단자로 변하는 장기 연쇄,Yes,"대비, 선행, 핵심, 후속",선천적 고통을 동반한 천재가 패배·입문·배신 회유·대규모 합공을 순차적으로 겪음,낮음
익명 후원과 공개 징계 방어가 훗날 제자의 독립 판정으로 회수되는 연쇄,REF-45,"선의를 설명하기보다 자원 제공·절차 개입·과제 조건을 먼저 보여 주고, 후반 제자가 보호의 의미와 방법의 잘못을 동시에 판정하는 장기 교육선.","1,635~1,695행 / 3,087~3,260행 / 32,400~32,965행 / 175,360~175,457행 / 184,760~184,855행",2026년 8월 4일,준비,Yes,엄격한 교수 / 취약한 제자 / 엘리트 동급생 / 징계 조직,익명 후원→징계 방어→위험한 실전 조건→후반 신뢰 재해석→스승의 방법까지 비판하는 독립 판정,Yes,"선행, 실패, 핵심, 후속","권위자가 약자를 보호하되 난도를 낮추지 않고, 시도할 권리와 실패 뒤 남을 자격을 보존해야 하는 교육 관계.",중간
반복되는 죽음의 증인이 실제 패배와 재대국을 통해 통치 의지를 되살리는 연쇄,REF-45,"권태와 반복을 위로로 즉시 치유하지 않고, 죽음을 기억해 줄 증인·초기화되지 않는 숙련·정직한 패배를 누적해 재도전 욕망을 복원한다.","약 20,070~20,220행 / 65,620~66,245행 / 91,900~91,948행 / 약 177,500~177,590행",2026년 8월 4일,준비,Yes,권태로운 통치자 / 굽히지 않는 교수 / 반복 생의 관찰자,새 과제의 흥미→죽음의 증언 요청→비용을 치른 귀환→반복 속 붕괴→초기화되지 않는 숙련→실제 패배→복기와 재대국→보호의 역전,Yes,"선행, 실패, 핵심, 후속",압도적 권력과 반복 경험 때문에 모든 관계와 자극이 무의미해진 인물에게 장기 목표와 재도전 가능성을 돌려줘야 할 때.,중간
손상된 전문 신뢰가 적대적 질문과 공개 시연을 거쳐 사안별로만 복구되는 연쇄,REF-45,"과거 비위가 있는 전문가의 새 성과를 칭찬으로 복권하지 않고, 반대자의 질문·독립 심사·시연·자기 제한·과오 인정을 서로 다른 증거로 쌓는다.","약 879~1,299행 / 32,101~33,299행 / 36,625~37,283행 / 69,780~70,215행 / 약 175,330행 이후",2026년 8월 4일,준비,Yes,과거 비위가 있는 전문가 / 적대적 경쟁자 / 독립 심사자 / 청문 조직,손상된 평판→새 성과 의심→반대자의 질문 준비→공개 풀이·반론·시연→위험한 성과의 자기 제한→사전 기록 확인→과오 인정→후반 재비난,Yes,"대비, 오해, 핵심, 후속",과거 표절·착취 의혹 때문에 현재 성과를 자기 선언으로 믿게 할 수 없는 전문가가 제한적 신뢰를 다시 얻어야 할 때.,낮음
빼앗긴 업적의 고발이 양쪽 책임 확인과 복수 유산 파괴로 이어지는 연쇄,REF-45,"반전 자료 하나로 화해시키지 않고, 상대의 공로 복원과 과오 인정 뒤 부모 쪽 가해까지 공개하여 후계자가 계승과 단절을 직접 선택하게 한다.","약 879행 / 69,780~70,215행 / 105,700~105,855행 / 121,560~121,825행 / 184,760~184,855행",2026년 8월 4일,준비,Yes,복수를 상속한 제자 / 과거 비위가 있는 교수 / 죽은 부모 / 청문 조직,피해 서사 상속→공개 고발→공동 업적 기록→교수의 과오 인정→부모의 가해·도구화 공개→유산 매개 파괴→혈통 밖의 독립 평가,Yes,"대비, 오해, 핵심, 후속",부모의 원한과 피해 서사를 물려받은 후계자가 어느 한쪽을 완전한 피해자나 악인으로 단순화하지 않고 자기 계보를 선택해야 할 때.,중간
사적 신뢰를 회복한 형제가 공적으로는 암살 협력자 역할을 수행하는 연쇄,REF-45,"공개 장면에서는 배신 증거를 실제로 쌓고, 사적 장면에서는 금지된 가족 호칭·울음·죽지 않았으면 한다는 고백으로 진의를 제한적으로 드러낸다.","12,900~13,190행 / 77,700~77,920행 / 117,650~117,850행 / 178,080~178,900행 / 183,300~183,520행",2026년 8월 5일,준비,Yes,공적 악역이 된 형 / 후계자 동생 / 암살팀 / 진의를 듣는 연구자,최악의 형제 관계→가문 운영 협력→후계 권한 인정→사적 신뢰 회복→내부 세작과 일정 유출→혼자만의 가족 호칭→죽지 않았으면 한다는 고백→보호 장치 해석 촉발,Yes,"미해결, 선행, 오해, 핵심, 후속","가까운 관계의 회복을 공개할 수 없고, 오히려 상대를 살리기 위해 공개 적대 역할을 수행해야 하는 비밀 협력 관계.",중간
책임을 먼저 맡은 임시 지휘가 조직 관할권과 최종 위협의 현실성으로 누적되는 연쇄,REF-45,"직함을 성장 보상으로 나열하지 않고, 누가 책임을 지고 자금·시험·명령·감사·외부 개입을 통제하는지의 반복 행동으로 권력의 실체를 보여 준다.","10,063~10,075행 / 25,551~25,585행 / 31,469~31,481행 / 38,599~53,769행 / 77,623~77,720행 / 92,582~95,980행 / 117,719~118,455행 / 153,307~157,559행 / 164,907~164,999행",2026년 8월 5일,준비,Yes,책임을 선취하는 지휘자 / 부관과 실무자 / 외부 기관 / 교육·군사·연구 조직,상속 권력의 사적 오용→재난 현장 책임 선취→해결 결과→시험·연구·군사·감사 관할 확대→부하 보호와 외부 압력 차단→조직 공포와 파벌 반발→최종 공개 배신의 현실성,Yes,"대비, 선행, 실패, 핵심, 후속","주인공의 권력 성장을 실제 선택권과 책임 변화로 증명하면서, 보호 능력과 독점의 공포를 동시에 남겨야 할 때.",낮음
강요된 약혼을 파기한 뒤 자유 상태에서 수호 관계를 다시 선택하는 연쇄,REF-45,"기존 관계의 감정만 회복하지 않고, 가해자가 혼인·소유 권리를 공식 포기한 뒤 상대가 자기 직업과 새로운 관계 범주를 직접 선택한다.","1,143~1,315행 / 9,975~10,399행 / 73,950~74,155행 / 136,938~142,216행 / 166,037~166,545행 / 180,745~185,121행",2026년 8월 5일,준비,Yes,과거 통제적 약혼자 / 기사 지망자 / 가문 관계자 / 제삼의 조력자,진로 통제와 고립→혼인 강행 포기→이름을 방패로 제공→구명을 위한 모욕과 실제 증오→희생 진실 공개→공식 파혼→자기 삶과 기사 역할 선택→자발적 수호 관계,Yes,"선행, 실패, 오해, 핵심, 후속",오래된 통제와 상처가 있는 연애·약혼 관계에서 진실 공개 뒤 원상복구가 아니라 실제 선택권 반환이 필요할 때.,높음
강요된 약혼의 권리를 돌려준 뒤 자유로운 수호 선택으로 관계가 재분류되는 연쇄,REF-45,"기존 관계를 되살리지 않는다. 가해자가 혼인·소유 권리를 공식 포기하고, 상대가 자유 상태에서 직업과 수호 대상을 다시 선택하는 순서를 본다.","1,143~1,315행 / 9,975~10,399행 / 73,950~74,155행 / 78,080~78,175행 / 136,938~142,216행 / 166,037~166,545행 / 180,745~185,121행",2026년 8월 5일,준비,Yes,과거 통제적 약혼자 / 기사 지망자 / 가문 관계자 / 진실을 전달하는 제삼자,진로 통제와 고립→혼인 강행 포기→이름을 임시 방패로 제공→구명을 위한 모욕과 실제 파열→희생 의도 공개→공식 파혼→자기 직업 선택→자발적 주군–기사 관계,Yes,"선행, 실패, 오해, 핵심, 후속","장기간의 통제와 상처가 있는 연애·약혼 관계에서 진실 공개만으로 재결합하지 않고, 기존 권리를 반환한 뒤 새 관계를 다시 선택해야 할 때.",높음
위기 책임을 먼저 짊어진 임시 지휘가 조직 관할권과 최종 위협의 현실성으로 누적되는 연쇄,REF-45,"직함의 나열보다 누가 자금을 승인하고, 현장 지휘자를 정하며, 외부 기관을 물리고, 부하 대신 책임지는지로 실제 권한 변화를 읽는다.","10,063~10,075행 / 25,551~25,585행 / 31,469~31,481행 / 35,157~35,215행 / 38,599~42,935행 / 44,989~53,769행 / 77,623~77,720행 / 92,582~95,980행 / 117,719~118,455행 / 125,469~125,725행 / 153,307~157,559행 / 164,907~164,999행",2026년 8월 5일,준비,Yes,귀족 교수 / 황제 / 부관 / 연구·교육·군사 조직 / 외부 수사기관,상속 권력의 사적 오용→위기 지휘와 책임 선취→해결 결과→시험·연구·군사·요새·감사 관할 확대→부하 보호와 외부 압력 차단→내부 공포와 파벌 반발→최종 배신의 물적 신뢰성,Yes,"대비, 선행, 실패, 핵심, 후속",주인공의 권력 성장을 단순 승진 보상이 아니라 실제 선택권·책임·보호 능력과 결말의 위협 가능성으로 연결해야 할 때.,낮음
전승 성공 뒤 빠진 경계가 제자의 과잉 행동으로 되돌아오는 장면,REF-46,교육의 성과를 먼저 안도하게 한 뒤 전리품과 구호를 공개해 같은 가르침이 집단 전체 적대로 과잉 일반화됐음을 뒤늦게 드러낸다.,"151화 73,253~73,364행",2026년 8월 5일,준비,Yes,"주인공, 제자 A, 어린 구성원들",기존 지도자와 교육권이 충돌하는 장면 / 종족 전체 적대 교육을 수정하는 장면,Yes,"대비, 실패, 후속",생존 교육을 받은 제자 A가 더 어린 구성원을 가르치는 위치에 올랐지만 가르침의 적용 경계는 전달되지 않음,높음
금기 발화의 처벌과 집단 무반응을 보고 현지 역할을 수행하는 장면,REF-46,처벌을 본 뒤 집단의 태도를 표본으로 삼아 표정과 반응을 맞춘다. 규칙 설명보다 집단 행동이 먼저 생존 규범을 확정한다.,2화 301~417행,2026년 8월 5일,준비,Yes,"주인공, 동류 A, 집단 지도자, 신입 구성원들",낯선 동행자를 시험하는 장면 / 가까운 동료가 현재 인격을 판정하는 장면,Yes,"선행, 핵심",정체가 드러나면 즉시 처벌되는 집단에 들어왔고 주인공은 현지 규범을 알지 못함,높음
실용 교육이 기존 권력의 누락 책임과 역할 자청으로 바뀌는 장면,REF-46,실전 정보를 충분히 가르친 뒤 기존 권력자를 등장시킨다. 주인공은 변명 대신 사망률·장비·교육 부재를 질문하고 자신이 책임을 맡겠다고 선언한다.,"153~154화 74,113~74,389행",2026년 8월 5일,준비,Yes,"주인공, 제자 A, 어린 구성원들, 지도자 A",교육의 과잉 전승 장면 / 기존 지도자가 조건부 권한을 넘기는 장면,Yes,핵심,실전 생존 지식을 가르치던 중 기존 지도자 A가 현장을 목격하고 교육 내용이 전통과 지도 책임을 건드림,높음
무해한 집단 역할로 빈틈을 보이며 낯선 동행자의 행동을 기다리는 장면,REF-46,"잠든 척하는 연기가 상대의 행동을 끌어내지만, 한 번의 신뢰 판정 뒤에도 경계 비용이 남는다. 같은 연기가 반복될 때 실제 습격을 감지한다.","6~7화 2,513~3,063행",2026년 8월 5일,준비,Yes,"주인공, 동행자 A",금기 처벌 뒤 역할 수행을 시작하는 장면 / 가까운 동료에게 전형적 연기가 통하지 않는 장면,Yes,"대비, 실패",낯선 사람과 서로 잠을 맡기는 임시 거래가 필요하지만 양쪽 모두 상대를 온전히 믿지 못함,높음
공개 도전 조건을 사회적 사실로 만든 뒤 과잉 교육의 경계를 수정하는 장면,REF-46,새 지위는 군중 앞에서 도전 조건을 말해 고정한다. 이어 희생한 외부 동료 사례로 집단 분류보다 행동 기준을 우선하도록 기존 교육을 수정한다.,"154화 74,581~74,665행",2026년 8월 5일,준비,Yes,"주인공, 동료 A, 제자 A, 집단 구성원들, 사망한 외부 동료 B",교육의 과잉 전승 장면 / 조건부 교육권 이양 장면,Yes,"실패, 후속",조건부 교육권을 얻었지만 기존 교육은 외부 집단 전체에 대한 증오로 확장될 위험이 이미 드러남,중간
정체 의심을 누적 행동의 반증과 후속 경고로 재분류하는 장면,REF-46,가까운 동료는 전형적 분노 연기를 간파한다. 의심 근거와 반증 행동을 차례로 제시해 현재의 사람을 판정한 뒤 노출 위험을 경고한다.,"150화 72,483~72,717행",2026년 8월 5일,준비,Yes,"주인공, 동료 A, 잠든 동료들",금기 처벌 뒤 역할 수행을 시작하는 장면 / 교육이 과잉 전승되는 장면,Yes,"미해결, 핵심, 후속",동료 A가 주인공의 비정상적 지식과 행동을 의심하지만 장기간 함께한 행동 기록도 알고 있음,높음
기존 권력이 전면 굴복 없이 권한·금지선·도전 조건을 함께 넘기는 장면,REF-46,기존 지도자는 전면 사과하거나 자리를 넘기지 않는다. 실패와 제약을 공개하고 교육 유효성을 인정하되 금지선·감시·도전 조건을 붙인다.,"154화 74,393~74,579행",2026년 8월 5일,준비,Yes,"주인공, 지도자 A",실용 교육이 지도 책임 충돌로 바뀌는 장면 / 과잉 교육의 경계를 수정하는 장면,Yes,"대비, 후속",주인공이 공개적으로 지도자 자리를 원한다고 선언했고 물리적 충돌까지 벌였으나 집단 생존 문제에는 일부 공통 인식이 있음,중간
법적 고용 주체를 만들고 성별·세대별 비전투 경로를 여는 장면,REF-46,사업자 승인과 직원 등록으로 전사 집단을 노동 조직으로 바꾼다. 성인과 아이에게 현재 능력에 맞는 서로 다른 교육·고용 경로를 제시한다.,"651화 311,281~311,359행",2026년 8월 5일,준비,Yes,"대표, 실무자 A, 내부 성인 구성원들, 아이들",외부 전문가의 교육·감독 구조 / 비전투 노동의 인정 체계,Yes,후속,대규모 인력을 합법적으로 일하게 할 고용 주체와 전투 외 역할이 없는 성인·아이의 경로가 필요함,중간
비전투 노동을 기존 인정 체계에 연결하고 장점과 결함을 함께 평가하는 장면,REF-46,새 가치관을 설교하지 않고 보상·공개 칭찬·경연으로 기존 인정 욕구를 다른 노동에 연결한다. 열의 뒤에는 능력 한계를 항목별로 공개한다.,"650화 311,053~311,155행",2026년 8월 5일,준비,Yes,"대표, 실무자 A, 내부 구성원들",외부 전문가가 교육·감독 구조를 만드는 장면,Yes,"대비, 핵심",전투만 가치 있다고 믿던 구성원이 비전투 노동을 지속해야 하고 실제 사업 투입 수준도 평가받아야 함,중간
외부 전문가를 단기 대행자가 아니라 교육·감독자와 결정권자로 쓰는 장면,REF-46,단순 노동과 전문 노동을 나눈 직후 교육 부족을 한계로 확인한다. 전문가 한 명이 열 명을 감독하는 구조와 중요한 준비의 완전 위임이 이어진다.,"651화 311,157~311,259행",2026년 8월 5일,준비,Yes,"대표, 외부 전문가들, 내부 작업자들",비전투 노동의 장점·결함 평가 / 회사 등록과 세대별 고용 경로,Yes,"핵심, 후속",내부 작업자는 힘과 속도는 있지만 전문 기술이 없고 외부 전문가는 단기 성과와 장기 전승을 함께 설계해야 함,중간
실직한 전문가를 실제 필요로 고용하고 현장에서 부서 권한을 나누는 장면,REF-46,구제나 호의가 아니라 실제 필요 직무와 급여를 제시한다. 현장 오해를 푼 뒤 전문가들이 통계·재정·도시 계획으로 업무와 장래 지위를 나눈다.,"453~454화 223,899~224,329행",2026년 8월 5일,준비,Yes,"대표, 전문가 A, 전문가 B·C·D, 내부 구성원들",내부 역할과 외부 전문 기능을 분리하는 장면 / 기술 교육과 고용 경로를 만드는 장면,Yes,"핵심, 후속",조직 내부에는 행정 능력이 없고 외부 전문가들은 실직했지만 낯선 집단에서 일할 위험과 업무 오해가 있음,중간
대표가 내부 정체성 역할과 외부 전문 기능을 분리하는 장면,REF-46,공금·문서·인력 공백을 혼자 버티지 않고 우선순위 목록으로 바꾼다. 내부 구성원에게는 교육·전투 역할만 맡기고 행정은 외부 전문가에게 넘기기로 한다.,"452화 223,350~223,490행",2026년 8월 5일,준비,Yes,"대표, 내부 동료 A, 은퇴한 관리자들",외부 행정 전문가를 고용해 부서를 만드는 장면,Yes,"핵심, 후속",새 대표가 조직의 재정·문서·인력 공백을 떠안았지만 내부 인력은 행정 문해력이 부족함,중간
정석 성장 순서가 현실의 선행 선택 연쇄로 뒤집힌 것을 역산하는 장면,REF-46,현재 차이를 오류로 끝내지 않고 더 이른 획득과 이후 전투 가능성의 연쇄를 거슬러 올라간다.,"409화 199,279~199,311행",2026년 8월 5일,준비,Yes,"주인공, 원정대",형태가 달라진 익숙한 물품 연구 이관,Yes,"대비, 핵심",정석 성장 경로의 대상을 처음 만났지만 해당 보상은 이미 다른 경로에서 얻음,중간
익숙한 물품의 형태 차이를 개량 가능성으로 남기고 전문가 연구에 넘기는 장면,REF-46,이름과 기본 효능은 알지만 현재 물품의 크기·형태가 다르자 효과 범위를 확정하지 않는다.,"447화 220,681~220,733행",2026년 8월 5일,준비,Yes,"주인공, 전문가 A, 동료들",기억에 없던 물품을 전문 감정으로 넘기는 장면,Yes,"핵심, 후속",알던 물품과 이름은 같지만 제조 주체와 형태가 달라 개량 여부가 불명확함,중간
축소된 기억 지도와 현지 증언을 대조해 시대차 가설을 세우는 장면,REF-46,기억 지도는 방향만 제공한다. 사라진 장소를 현지인의 오래된 기억과 대조해 시대차 가설을 강화하고 후속 기록 조사를 남긴다.,"17화 7,427~7,465행",2026년 8월 5일,준비,Yes,"주인공, 현지 주민 A, 동료 B",기억에 없던 건물과 기록을 발견하는 장면,Yes,핵심,기억 속 장소의 방향은 알지만 실제 규모와 현재 명칭이 다름,중간
기억에 없던 물품을 확보한 뒤 현장 판정을 멈추고 전문가에게 넘기는 장면,REF-46,발견과 이해를 분리한다. 현장 반응이 없자 기능 추정을 멈추고 전문 감정으로 넘긴다.,"171~172화 82,855~82,925행",2026년 8월 5일,준비,Yes,"주인공, 마법사 A",형태가 달라진 익숙한 물품을 연구실로 넘기는 장면,Yes,"핵심, 후속",새 물품을 발견했지만 기억과 현장 검사로 기능을 확정할 수 없음,중간
기억에서 무반응이던 대상을 재검증하되 시간 비용 때문에 방법을 바꾸는 장면,REF-46,기억상 무의미한 대상도 현실에서는 조사한다. 직접 탐색이 성과 없이 길어지자 기록 조사와 주변 수색으로 질문을 넘긴다.,"171화 82,653~82,735행",2026년 8월 5일,준비,Yes,"주인공, 마법사 A, 동료 B",주변에서 현실 전용 기록을 발견하는 장면,Yes,"대비, 실패",숨은 단서 가능성은 있지만 제한 시간이 있고 직접 조사에 진전이 없음,중간
수치상 충분한 팀이 공포·구토·시전 반동으로 무너지는 장면,REF-46,전력표에는 없던 신체·정신 반응이 역할 수행을 끊는다. 사후 진술과 육체 증거로 각자의 붕괴 원인을 확인한다.,"31화 14,391~14,485행",2026년 8월 5일,준비,Yes,"주인공, 전위 A, 마법사 A, 동료 B·C",위험 구역 진입 확신 장면 / 직접 탐색 중단 장면,Yes,"실패, 핵심",기억 속 수치와 역할 구성은 충분하지만 현실의 냄새·공포·신체 반동은 계산되지 않음,높음
생계와 죽음 비용을 함께 계산한 뒤 위험 구역에 들어가는 장면,REF-46,"기억 속 선택지는 즉시 실행되지 않는다. 도시에서 버틸 비용과 현재 신체 상태를 비교한 뒤 입장을 선택하며, 확신은 다음 회차에서 과거형으로 재개방된다.","3화 959~1,223행",2026년 8월 5일,준비,Yes,"주인공, 동료 A",수치 밖 변수로 파티 평가가 무너지는 장면,Yes,"대비, 핵심",위험 구역 진입과 도시 잔류가 모두 생존 비용을 가지며 결정 마감이 임박함,높음
예상보다 쉬운 적 배치를 낙관하지 않고 정찰과 행동 제한으로 검증하는 장면,REF-46,좋은 징후도 변수로 취급한다. 추가 정찰·회복·소음 통제를 거쳐 현재 위험을 확인한 뒤 행동한다.,"409화 199,313~199,423행",2026년 8월 5일,준비,Yes,"주인공, 동료 A, 지휘관 B, 척후조",직접 탐색을 중단하고 방법을 바꾸는 장면,Yes,대비,익숙한 작전 구도지만 실제 적 병력이 예상보다 적어 함정 가능성이 남음,중간
기억에 없던 생존 정보를 공개해 은폐 범위와 후속 연구를 시험하는 장면,REF-46,정보의 참·거짓뿐 아니라 누가 처음 듣는지와 어떤 연구·정치 행동으로 이어지는지를 함께 확인한다.,"309~310화 153,313~153,415행",2026년 8월 5일,준비,Yes,"주인공, 제작자 A, 연구자들",현실 전용 역사 기록 발견 장면,Yes,"핵심, 후속",주인공만 아는 비수록 정보를 여러 고인물과 제작자 앞에서 공개할 범위를 정해야 함,높음
포기한 대상의 주변에서 기억에 없던 건물과 기록을 발견하는 장면,REF-46,직접 대상 집착을 멈춘 뒤 주변 수색이 현실 전용 구조물과 기록을 발견한다. 새 기록은 즉시 물적 검증으로 이어진다.,"171화 82,737~82,855행",2026년 8월 5일,준비,Yes,"주인공, 마법사 A, 동료 B·C",기억에 없던 물품을 전문 감정으로 넘기는 장면,Yes,"핵심, 후속",직접 조사 대상에서는 성과가 없었지만 주변 수색 가능성과 팀원이 남아 있음,높음
공격 역할을 포기하고 동료를 살리는 방어 역할로 자신을 재설계하는 장면,REF-46,동료 모집보다 먼저 자기 장비와 역할을 바꾼다. 관계의 시작이 감정이 아니라 보호 비용의 선지출로 나타난다.,"47화 22,223~22,299행",2026년 8월 5일,준비,Yes,주인공,결함 있는 지원자를 기능 슬롯으로 모집하는 장면,Yes,"선행, 핵심",상층 다인 파티로 전환해야 하며 기존 공격 역할의 효율이 낮아짐,중간
보호 충동으로 팀을 위험에 빠뜨린 리더가 책임과 동기를 분리해 판정받는 장면,REF-46,리더의 선공을 물리적으로 멈춘 뒤 공개 사과를 받는다. 위험 책임은 확정하되 보호 동기는 별도로 남긴다.,"52화 24,480~24,619행",2026년 8월 5일,준비,Yes,"주인공, 리더 A, 동료들, 적대 집단",실패 직후 결함을 연쇄 공개하는 장면,Yes,"실패, 핵심",압도적 강자 앞에서 동료 모욕 때문에 리더가 감정적으로 선공하려 함,높음
버림받은 집단이 직함보다 위험을 함께 감수한 행동으로 새 리더를 선택하는 장면,REF-46,기존 리더가 도망친 뒤 남은 사람들은 자신들과 함께 남은 인물을 중심으로 재조직된다. 지휘권은 집단의 선택으로 이동한다.,"211~212화 103,615~103,971행",2026년 8월 5일,준비,Yes,"새 리더, 버림받은 구성원들, 기존 리더들",실패 뒤 선택 책임을 공동 정산하는 장면,Yes,"핵심, 후속",기존 지휘자가 구성원을 버렸고 즉시 새 지휘 체계를 만들어야 함,높음
생존 조언을 끝낸 뒤 타인의 마지막 선택을 침해하지 않는 장면,REF-46,위험 설명과 설득을 충분히 한 뒤 강제하지 않는다. 구조 가능성은 남기지만 선택권을 빼앗지 않는다.,"175화 84,555~84,689행",2026년 8월 5일,준비,Yes,"주인공, 외부 인물 A",동료 의견 뒤 최종 결정 책임을 맡는 장면,Yes,"대비, 미해결",상대가 치명적 위험을 알면서도 자기 이유로 남으려 함,중간
구성원 의견을 들은 뒤 최종 생사 결정을 리더가 떠안는 장면,REF-46,선택지는 공동 검토하지만 마지막 결정과 실패 책임은 리더가 맡는다. 게임 캐릭터가 아닌 실제 사람이 죽는다는 차이를 직접 인식한다.,"208화 101,579~101,713행",2026년 8월 5일,준비,Yes,"리더, 구성원들",버림받은 집단이 행동 기준으로 새 리더를 선택하는 장면,Yes,핵심,어느 선택도 생존을 보장하지 못하는 대규모 위험에 합류할지 결정해야 함,높음
리더 실패 뒤 각자의 결함을 공개하며 장기 동행을 선택하는 장면,REF-46,서툰 위로 하나가 결함 고백의 연쇄를 연다. 팀은 강점이 아니라 서로가 숨기던 실패와 추방 이력을 알게 된 뒤 오래가고 싶다고 말한다.,"52~53화 24,620~24,767행",2026년 8월 5일,준비,Yes,"주인공, 리더 A, 동료 B·C·D",성장한 구성원의 분배권을 다시 조정하는 장면,Yes,"핵심, 후속",첫 공동 실패 뒤 모든 구성원이 열등감과 결함을 숨기고 있음,높음
결함 있는 지원자를 기능과 통제 가능성으로 먼저 모집하는 장면,REF-46,동료 호칭은 붙지만 판단 근거는 기능·요구 조건·명령 순응이다. 사람으로의 재분류는 아직 일어나지 않았다.,"49화 22,970~23,005행",2026년 8월 5일,준비,Yes,"주인공, 지원자 A, 임시 팀장 B",결함 공개 뒤 장기 동행을 말하는 장면,Yes,"대비, 선행",필수 기능이 부족하지만 지원자는 허풍과 초행이라는 결함을 가짐,높음
성장한 구성원의 기여도를 경제 권리 변화로 반영하는 장면,REF-46,칭찬보다 분배율을 바꾼다. 구성원의 성장과 관계 변화가 다음 탐사의 실제 권리로 기록된다.,"173화 83,341~83,417행",2026년 8월 5일,준비,Yes,"주인공, 구성원 A, 파티원들",공동 전리품과 합류 시기를 함께 결정하는 장면,Yes,"대비, 후속",낮은 기여 때문에 낮은 분배율을 받던 구성원이 평균 전력에 도달함,중간
추가 구조를 도덕 명령이 아니라 집단 생존 확률로 설명하는 장면,REF-46,즉사 구역과 현재 방식의 한계를 계산해 더 많은 사람을 모으는 것이 자기 생존에도 유리하다고 설명한다.,"827화 382,820~382,967행",2026년 8월 5일,준비,Yes,"리더, 임시 동행자들",낙오자 임시 편입 / 공동체 자격 반례,Yes,"핵심, 후속",추가 구조로 위험이 늘지만 현재 소수 이동 방식도 장기 생존이 불가능함,중간
공동 전리품과 합류 시기를 각자의 외부 책임에 맞춰 조정하는 장면,REF-46,리더가 독점 결정하지 않는다. 전리품 사용권과 합류 시기를 각자의 직위·의무에 따라 함께 정한다.,"447화 220,825~220,889행",2026년 8월 5일,준비,Yes,"리더, 구성원들",성장한 구성원의 분배권 조정 / 빈 슬롯 유지,Yes,"핵심, 후속",공동 획득 자원과 복수 구성원의 외부 의무가 충돌함,중간
실패 뒤 생존자가 리더와 자기 선택의 책임을 함께 인정하는 장면,REF-46,상실을 리더 탓으로만 돌리지 않는다. 리더도 위로로 지우지 않고 자신이 내린 결정과 구성원의 동의를 함께 남긴다.,"216화 106,059~106,163행",2026년 8월 5일,준비,Yes,"리더, 상실한 구성원 A",구성원 의견 뒤 최종 결정을 맡는 장면,Yes,"미해결, 실패",공동 결정 뒤 실제 사망자가 발생함,높음
흩어진 동료를 찾는 동안 낙오자를 능력 기준으로 임시 공동체에 태우는 장면,REF-46,구조 직후 감상보다 능력·디버프·이동 가능성을 확인한다. 사람 회수와 생존 기능이 같은 행동으로 결합된다.,"825~826화 382,140~382,340행",2026년 8월 5일,준비,Yes,"주인공, 낙오자 A",죽은 동료를 소모품으로 보는 생존자 반례 / 추가 구조의 생존 논리,Yes,"대비, 후속",붕괴 중 계속 이동해야 살 수 있고 다른 생존자를 만남,높음
빈 자리를 아무나 채우지 않고 검증된 관계만 조직에 등록하는 장면,REF-46,결원을 전력 손실로 알지만 즉시 충원하지 않는다. 현재 책임 관계를 우선하고 빈자리를 열린 상태로 둔다.,"446화 220,397~220,450행",2026년 8월 5일,준비,Yes,"주인공, 현재 구성원들",공동 전리품과 합류 시기를 조정하는 장면,Yes,"대비, 후속",조직 등록 시점이지만 빈 슬롯에 넣을 검증된 후보가 없음,중간
옛 동료의 새 소속을 인정하고 자동 복귀를 요구하지 않는 장면,REF-46,과거 친밀감보다 현재 소속과 책임을 먼저 확인한다. 재회가 곧 복귀가 되지 않는다.,"382~383화 186,957~187,135행",2026년 8월 5일,준비,Yes,"주인공, 옛 동료 A, 새 동료들",빈 파티 슬롯을 급히 채우지 않는 장면,Yes,"대비, 미해결, 후속",장기 분리 뒤 옛 동료가 새 팀과 책임을 얻음,중간
유용한 생존자가 죽은 동료를 소모품으로 보자 공동체 자격을 재평가하는 장면,REF-46,능력은 쓸모 있지만 자신을 지키다 죽은 사람을 모욕한다. 전력 가치와 공동체 자격이 분리된다.,"826~827화 382,380~382,640행",2026년 8월 5일,준비,Yes,"주인공, 생존자 A, 사망한 동료들",낙오자 임시 편입 / 추가 구조의 집단 생존 논리,Yes,"대비, 실패",유용한 능력의 생존자가 자신을 보호하다 죽은 동료를 소모품 취급함,높음
발견 소유권과 살인 판단을 분리해 증거를 공적 절차로 넘기는 장면,REF-46,최초 발견권은 인정하되 범죄 혐의는 증언·신분증·기록물로 증거화해 외부 기관에 넘긴다.,"503~504화 247,639~248,015행",2026년 8월 5일,준비,Yes,"강한 탐험가, 발견 집단 A, 조사 동료들, 공적 기관",군단 지휘권 인수와 재편,Yes,"대비, 핵심",숨은 경로의 최초 발견 집단에게 살인 혐의가 있음,높음
평시 팀 자율과 비상시 전체 집결 명령을 분리하는 장면,REF-46,기존 팀의 숙련은 유지하고 공통 명령은 집결·진형에만 한정한다.,"397화 193,951~194,017행",2026년 8월 5일,준비,Yes,"총지휘자, 팀장들, 원정대원들",지휘권 수용 / 기능 책임자·보고 체계 재편,Yes,"핵심, 후속",짧은 준비 기간에 여러 숙련 팀을 하나의 대규모 원정대로 운용해야 함,중간
기존 조 편성을 기능 책임자와 정기 보고 체계로 재편하는 장면,REF-46,인원을 기능별로 다시 묶고 책임자를 세워 연구·조사·전투 보고를 받는다.,"606화 293,235~293,491행",2026년 8월 5일,준비,Yes,"군단장, 기능 책임자들, 연구 책임자",팀 자율·전체 집결 분리 / 갱신 지도 배포,Yes,"핵심, 후속",수백 명의 기존 조 편성으로 복수 기능을 동시에 관리하기 어려움,중간
탐사·연구·자원 생산을 병행하고 성과를 동료·대원·공적 몫으로 나누는 장면,REF-46,새 생산 기술을 개인 독점으로 두지 않고 탐사 지속·현장 보상·공적 반환을 함께 계산한다.,"620~621화 299,307~299,655행",2026년 8월 5일,준비,Yes,"군단장, 연구 책임자, 현장 대원들, 공적 기관",수색 우선과 조사 권한 분담 / 지도 공용화,Yes,"대비, 후속",새 자원 생산 기술의 수량과 실험 비용이 제한됨,중간
현장 구조도를 매일 갱신해 지도 복사본을 전원에게 배포하는 장면,REF-46,최신 날짜를 가진 지도 복사본이 전원에게 배포되어 개인 기억이 공용 버전 자산으로 바뀐다.,"618화 298,371~298,419행",2026년 8월 5일,준비,Yes,"군단장, 지도 책임자 A, 탐사군",기능 책임자·보고 체계 / 수색 우선과 권한 분담,Yes,"핵심, 후속",복잡한 구조가 계속 갱신되어 개인 기억만으로는 전체 수색이 불가능함,중간
희귀 연구보다 실종자 수색을 우선하고 구조 뒤 조사 권한을 분담하는 장면,REF-46,대형 연구 성과에 몰입한 집단을 다시 수색으로 돌린다. 구조 뒤 현장 조사 권한은 별도 책임자에게 남긴다.,"620화 298,977~299,235행",2026년 8월 5일,준비,Yes,"군단장, 연구 책임자 A, 수색 책임자 B, 실종자들",갱신 지도 배포 / 자원 생산·배분,Yes,"대비, 핵심",희귀 연구 성과와 실종 동료 수색이 경쟁함,높음
생존 경로를 보고해 개인 판단을 외부 지휘부의 전략 정보로 바꾸는 장면,REF-46,팀 지휘를 위임하고 직접 보고한다. 외부 지휘자는 완벽한 결과보다 필요한 선택을 했는지 판정한다.,"215화 105,245~105,477행",2026년 8월 5일,준비,Yes,"현장 리더, 임시 지휘자 A, 외부 지휘관 B",지휘 자격 기준 토론 / 팀 자율과 전체 명령 분리,Yes,"핵심, 후속",심각한 손실을 입은 생존자가 외부 지휘부에 경로·위험 정보를 보고해야 함,높음
전문 의견 충돌 뒤 지휘관이 목표와 모든 손실 책임을 확정하는 장면,REF-46,다수결로 숨지 않고 의견을 들은 뒤 한 목표를 선택하고 책임을 자기 이름으로 선언한다.,"557화 271,881~272,027행",2026년 8월 5일,준비,Yes,"사령관, 현장 전문가 A, 연구 전문가 B",승리·전사자 보고 / 공략 실패 선언,Yes,"대비, 핵심",전문가 의견이 갈리고 어느 선택도 무손실을 보장하지 못함,높음
선행 지식의 누락과 인원 손실을 인정하고 공략 실패를 선언하는 장면,REF-46,정석과 다른 결과를 성공으로 포장하지 않고 누락 정보·손실·현재 한계를 묶어 실패라고 판정한다.,"604화 292,369~292,503행",2026년 8월 5일,준비,Yes,"현장 지휘자, 탐사군, 사망한 핵심 인물",군단 지휘권 공개 인수,Yes,"실패, 핵심",선행 정보가 누락됐고 핵심 인물과 병력을 잃음,높음
무력 시험 뒤 패배자들이 정보·치밀함·결의를 재평가해 지휘권을 수용하는 장면,REF-46,승리 자체보다 준비·유인·부상 교환·지속력을 패배자들이 각자 다른 언어로 해석한다.,"394~396화 192,171~193,237행",2026년 8월 5일,준비,Yes,"승자, 패배 후보 A·B·C·D",지휘 자격 공개 토론 / 팀 자율과 전체 집결 분리,Yes,"대비, 핵심",공개 시험 승리만으로 지속 가능한 지휘 적격을 증명하기에는 부족함,높음
공식 승리 보고 뒤 전사자와 미획득 보상을 연속 배치하는 장면,REF-46,위업 선언 직후 손실과 보상 실패가 보고되어 성공 판정의 범위를 줄인다.,"559화 273,037~273,133행",2026년 8월 5일,준비,Yes,"사령관, 보고자, 탐사군",목표·책임 확정 / 전문가 오판 인정,Yes,"대비, 실패",목표 처치에는 성공했지만 다수 사망과 핵심 보상 미획득이 발생함,높음
통솔·경험·정보·신뢰를 후보별 지휘 자격으로 공개 토론하는 장면,REF-46,후보들이 서로 다른 지휘 기준을 주장해 독자가 평가 항목을 먼저 알게 된다. 판정은 말이 아닌 시험으로 넘어간다.,"393화 191,881~192,127행",2026년 8월 5일,준비,Yes,"후보 A·B·C·D·E, 후원자",실전 결과 뒤 지휘권 수용,Yes,"대비, 핵심",후원과 강점이 다른 후보들이 하나의 대규모 지휘권을 놓고 경쟁함,높음
갱신 지도와 손실 평가를 근거로 다음 목표 자문권이 확대되는 장면,REF-46,"오래 머문 경험과 제공한 지도가 회의 발언권으로 바뀌며, 제안은 조건부 경로로 제시된다.","560화 273,431~273,509행",2026년 8월 5일,준비,Yes,"현장 전문가, 사령관, 조장들",전문가 오판 인정 / 지도 공용화,Yes,"핵심, 후속",공략 손실을 반영해 다음 목적지를 정해야 함,중간
지휘 공백에서 조사 권한을 먼저 행사하고 공개 동의로 군단 지휘권을 인수하는 장면,REF-46,직함을 먼저 요구하지 않고 사고 조사와 책임 정리를 수행한다. 승계자가 거부한 뒤 공개 동의로 권한을 얻는다.,"604~605화 292,649~293,109행",2026년 8월 5일,준비,Yes,"현장 지휘자, 합법적 승계자 A, 지휘관들",공략 실패 / 기능 책임자·보고 체계 재편,Yes,"핵심, 후속",총지휘자가 사라지고 합법적 승계자도 책임을 거부함,높음
실제 손실을 본 전문가가 자기 오판을 인정하고 타인의 발언권을 높이는 장면,REF-46,전문가가 사전 평가를 고집하지 않고 전투 결과를 근거로 자기 판단을 수정한다.,"559화 273,273~273,323행",2026년 8월 5일,준비,Yes,"현장 전문가 A, 연구 전문가 B",지도 기반 다음 목표 자문,Yes,"대비, 후속",전문가의 사전 위험 평가와 실제 손실이 크게 어긋남,중간
강제 검증과 주변인 조사를 피하려 옛 신분만 인정하고 협상으로 전환하는 장면,REF-46,더 강한 검증이 주변인에게 번질 것을 계산해 동일 인물임만 인정한다. 상대의 원인 오해는 유지해 협상 가능한 정보만 연다.,"386화 188,475~188,619행",2026년 8월 5일,준비,Yes,"위장 인물, 정치 권력자 A, 동료들",숫자 기반 추론 / 선택적 공개,Yes,"핵심, 후속",상대가 거의 확신했고 강제 검증과 주변인 조사가 예상됨,높음
선택적 공개 뒤 공개 만남 대신 지연형 쌍방 종이로 제한 연락권을 만드는 장면,REF-46,사적 정체 공유가 친밀감 선언보다 만남 시간·장소와 경고만 전달하는 별도 통신망을 만든다.,"647화 309,883~309,943행",2026년 8월 5일,준비,Yes,"주인공, 과거 지인 A, 쌍방 통신 도구",선택적 공개 / 후반 제한 협력,Yes,"핵심, 후속",공개 접촉은 양쪽 현지 신분과 동맹망을 위험하게 함,중간
전투 집중을 깨기 위해 현지 신분·과거 닉네임·가면을 연쇄 공개하는 장면,REF-46,악령·현실 출신·과거 게시자·적의 가면·자신의 가면을 차례로 공개해 적의 집중을 흔든다. 공개는 고백이 아니라 공격이다.,"735화 346,163~346,245행",2026년 8월 5일,준비,Yes,"전투자 A, 적대자 B, 과거 닉네임, 가면들",초반 과거 닉네임 은폐 / 적대자의 역산,Yes,"이탈, 핵심",적이 전투에 완전히 집중해 물리 공격만으로 빈틈을 만들기 어려움,높음
질문 교환비를 협상하고 예·아니오로 사실만 고정한 뒤 판정의 빈틈을 읽는 장면,REF-46,불확실성을 부담하는 대가로 더 많은 질문권을 얻고 예·아니오로 사실을 좁힌다. 판정은 문장보다 화자의 심리와 생략에 좌우된다.,"308화 152,293~152,513행",2026년 8월 5일,준비,Yes,"질문자 A, 제작자 B, 판정 장치",묵비와 진실게임 종료,Yes,"대비, 핵심",질문별 정보량이 다르고 진실 장치가 전제와 생략을 밝히지 못함,높음
개인 질의응답을 중단하고 진실·비공유 정보 조건의 다자 시장으로 바꾸는 장면,REF-46,질문권 교환 대신 반드시 진실이며 참가자 절반 이상이 모르는 정보를 제출하는 규칙을 만든다. 검증은 여러 참가자에게 분산된다.,"309화 152,985~153,169행",2026년 8월 5일,준비,Yes,"제안자 A, 제작자 B, 참가자들",진실게임 조기 종료 / 익명 정보 시장,Yes,"핵심, 후속",양자 질문전이 정체 노출과 해석 독점을 낳음,중간
가면 말투가 현실 행동을 잠식한 경위를 확인한 뒤 임시 합류를 제안하고 배신하는 장면,REF-46,가면 역할의 기원과 목표 부재를 확인한다. 합류 제안이 수락돼도 신뢰와 폭력 기준이 정렬되지 않아 즉시 살해된다.,"737화 346,943~347,065행",2026년 8월 5일,준비,Yes,"승자 A, 패배자 B, 가면 역할",본명·출신 교환 / 정체 공개의 실패 반례,Yes,"실패, 이탈",정체와 과거는 밝혀졌지만 목표·폭력 기준·신뢰가 정렬되지 않음,높음
상호 정체 침해의 선을 확인한 뒤 필요한 층만 열고 목표 불일치는 숨기는 장면,REF-46,누가 먼저 선을 넘었는지 확인하고 가면·정보 출처를 공개한다. 그러나 귀환 의사라는 핵심 목표 불일치는 다시 숨긴다.,"647화 309,775~309,865행",2026년 8월 5일,준비,Yes,"주인공, 과거 지인 A, 제3의 플레이어 B",누적 정체 판정 / 별도 연락망,Yes,"대비, 후속",서로의 현실 정체는 추론했지만 장기 목표가 같은지는 확인되지 않음,높음
적대자가 과거 정보·살기·대면 기록을 역산해 두 가면을 하나로 합치는 장면,REF-46,"과거 원탁 정보, 정보 선점, 살기와 대면 기록을 다시 연결해 동경 대상과 증오 대상이 같은 인물임을 납득한다.","736화 346,249~346,371행",2026년 8월 5일,준비,Yes,"적대자 B, 현지 전투자 A, 원탁 가면 C",다중 가면 연쇄 공개 / 마지막 본명 교환,Yes,"대비, 후속",서로 다른 정보망에서 보아 온 두 신분이 동일하다는 공개를 받음,높음
마지막 순간 가면을 벗기고 본명·출신·귀환 의사·과거 정체를 교환하는 장면,REF-46,죽기 전 본명·출신·체류 연수·귀환 의사를 묻고 일부 사적 정체를 교환한다. 정보량은 늘지만 용서와 목표 정렬은 생기지 않는다.,"736~737화 346,639~346,833행",2026년 8월 5일,준비,Yes,"승자 A, 패배자 B, 현실 본명들",두 가면 통합 / 임시 합류 제안과 배신,Yes,"대비, 후속",적대자가 패배했고 서로의 선택 이유를 확인할 마지막 시간이 남음,높음
실명과 진입 시기를 묻는 질문에 묵비하고 정보 역유출 때문에 게임을 끝내는 장면,REF-46,상대가 위장 이름과 진입 시기를 좁히자 답변을 거부한다. 자신의 질문도 현재 위치를 드러낼 수 있어 추가 정보보다 채널 종료를 택한다.,"309화 152,811~152,973행",2026년 8월 5일,준비,Yes,"질문자 A, 조사자 B",다자 정보 제출 규칙,Yes,"이탈, 핵심",질문을 주고받을수록 양쪽 정체와 현재 위치가 좁혀짐,높음
공개 닉네임이 과거 정체를 노출하자 철자 차이로 사칭 역할을 만드는 장면,REF-46,집단이 유명 게시자라고 판단하자 철자 한 글자를 근거로 팬·사칭자 역할을 만들어 실제 정체를 다시 감춘다.,"91~92화 44,317~44,447행",2026년 8월 5일,준비,Yes,"신입, 방장 A, 참가자들",익명 공동체 인증 / 적대 상황의 과거 닉네임 공개,Yes,"대비, 오해",익명 닉네임이 과거 현실의 유명 작성자 신분과 겹침,높음
행정 숫자와 동선으로 동일 인물을 맞히지만 실종 원인은 오해하는 장면,REF-46,성장 수치·실종 기간·재등장 동선을 연결해 옛 신분은 맞힌다. 보이지 않는 원인은 가장 개연성 높은 오답으로 채운다.,"385~386화 188,321~188,465행",2026년 8월 5일,준비,Yes,"위장 인물, 정치 권력자 A",옛 신분의 제한적 인정 / 습관 기반 정체 판정,Yes,"대비, 핵심",위장 신분의 성장 기록과 기존 사망·실종 기록이 충돌함,높음
심상 공간과 생활 흔적으로 출신을 인증한 뒤 변경 불가 익명 신분을 발급하는 장면,REF-46,암구호는 눈속임이고 실제 판정은 말투·옷·심상 공간과 비공개 기준에서 이루어진다. 인증 뒤에야 변경 불가 닉네임이 생긴다.,"90~91화 44,071~44,241행",2026년 8월 5일,준비,Yes,"신입, 안내자 A, 익명 공동체",공개 닉네임으로 과거 정체가 노출될 뻔한 장면,Yes,"선행, 핵심",현지인 침입 가능성이 있어 신규 참가자의 출신을 검증해야 함,높음
가면 반응과 진입 시기·성장·과거 취향·습관을 합쳐 정체를 판정하는 장면,REF-46,시간·성장·취향의 장기 증거에 가면을 본 순간 반응과 놀랄 때 눈을 감는 습관을 더해 마지막 확신을 얻는다.,"646~647화 309,563~309,761행",2026년 8월 5일,준비,Yes,"현지 신분의 주인공, 과거 지인 A, 가면 B",숫자로 맞히되 원인을 오해한 추론 / 선택적 공개,Yes,"대비, 핵심",현지 신분과 과거 신분을 직접 연결할 단일 암구호가 없음,높음
진실 장치의 제작자 권한을 의심하고 제3자 검증 능력을 추가하는 장면,REF-46,진실 장치를 제시해도 제작자가 조작할 수 있다는 의심이 남는다. 장치 외에 독립 검증자의 이의 제기 능력이 협상된다.,"307화 152,119~152,251행",2026년 8월 5일,준비,Yes,"질문자 A, 제작자 B, 판정 장치",질문 교환비와 예·아니오 설계,Yes,"대비, 선행",서로를 믿지 않는 두 사람이 진실 장치로 정보를 교환하려 함,높음
익명 정보 시장에서 지식을 팔되 현실 접점과 거래 흔적을 제한하는 장면,REF-46,지식은 판매하지만 현실 물품·충전·대량 판매는 신분 추적 위험 때문에 거부한다. 신뢰는 개인 명성이 아니라 추방 제도가 보증한다.,"92~93화 44,691~44,857행",2026년 8월 5일,준비,Yes,"익명 판매자, 정보 시장, 구매자들",다자 정보 제출 규칙,Yes,"대비, 핵심",익명 지식은 수익화할 수 있지만 현실 거래와 거래량이 신분 단서가 됨,중간
새 성장 자원의 결손 재생을 몸으로 확인한 뒤 기존 손해 판정을 뒤집는 장면,REF-46,수치 손해를 계산하던 중 신체 결손이 즉시 회복된다. 설명문보다 몸의 반응이 먼저 이전 판정을 수정한다.,"859화 396,748~396,926행",2026년 8월 5일,준비,Yes,"주인공, 외부 존재 A, 새 성장 자원",재생 상실 확인 / 새 조합 장부화 / 보스전 검증,Yes,"핵심, 후속",수치 손해는 명확하지만 고유 능력의 실전 효과는 미확인,높음
극재생으로 보스 공격을 단독 감당하고 누적 피해를 숨은 반격 단계로 바꾸는 장면,REF-46,동료들의 역할 수행을 믿고 보스 공격을 독점한다. 반복 결손과 재생으로 쌓인 피해가 장비의 숨은 반격 조건을 충족한다.,"909~910화 417,181~418,127행",2026년 8월 5일,준비,Yes,"주인공, 원정대 본대, 보스, 장비 효과",극재생 개편 / 사용 효과 봉인 카운터,Yes,"핵심, 후속",한 명이 보스의 공격과 주의를 장시간 받아내야 본대가 역할을 수행할 수 있음,높음
재생 상실 뒤 포션 담당·후열 보호·근접 공격 위치를 다시 짜 새 역할을 검증하는 장면,REF-46,개인 능력 변화가 지원 담당과 진형 전체를 바꾼다. 주인공은 통로를 점유하고 동료들의 포션·후열 보호·짧은 진입에 의존한다.,"140화 67,619~67,823행",2026년 8월 5일,준비,Yes,"주인공, 적대자 A, 마법사 B, 방패 동료 C, 지원자 D, 근접 동료 E",사라진 재생 확인 / 치유 자원 배분,Yes,"핵심, 후속",자연 회복을 잃은 상태에서 빠른 상위 적과 장기전을 버텨야 함,높음
사용 효과 봉인 환경에서 새 빌드의 카운터를 인정하고 혼자 유지할 수 없다고 보고하는 장면,REF-46,자신의 능력으로 기믹을 막을 수 있는지 현장에서 확인한 뒤 불가능하다고 판정하고 퇴각을 받아들인다.,"910~911화 418,208~418,460행",2026년 8월 5일,준비,Yes,"주인공, 지휘 동료 A, 마법사·신관·원정대",압도적 유지력 / 다른 필드에서의 재발견,Yes,"대비, 실패",사용 효과와 재생을 제한하는 필드·기믹이 등장함,높음
생명력 소모 필드와 극재생의 연쇄를 발견해 동료 투입을 막고 혼자 보스를 붙잡는 장면,REF-46,정신 내성·결손 재생·몬스터 적용 규칙을 조합해 일반 파티원에게 치명적인 필드를 혼자 감당하는 해법으로 바꾼다.,"917화 421,041~421,305행",2026년 8월 5일,준비,Yes,"주인공, 원정대 동료들, 생명력 소모 필드, 보스",사용 효과 봉인 카운터 / 극재생 장부화,Yes,"대비, 후속",필드가 모두의 생명력을 태우지만 주인공에게 극재생과 정신 내성의 조합이 있음,높음
자기 치유를 요구하지 않고 생명력을 방어 자원으로 태워 더 많은 사람을 살리는 장면,REF-46,"자신에게 치유를 몰면 더 안전함을 알면서도 요구하지 않고, 생명력 감소를 방어력과 구조 가능성으로 바꾼다.","222화 109,141~109,239행",2026년 8월 5일,준비,Yes,"주인공, 핵심 동료들, 신관과 전사들",첫 방패 선택 / 지원 의존 / 극재생 개편,Yes,"대비, 핵심",낯선 전사와 핵심 동료를 동시에 살려야 하고 치유 자원이 한정됨,높음
낮은 생존 확률을 올리기 위해 현재도 유용한 코어를 희생해 상위 선택지를 여는 장면,REF-46,쓸모없는 자원이 아니라 현재 역할의 핵심 장점을 가진 자원을 버려 더 높은 생존 가능성을 선택한다.,"138~139화 66,821~67,047행",2026년 8월 5일,준비,Yes,"주인공, 적대자 A, 동료들, 교체 장치",슬롯 훼손 손해 / 사라진 재생 확인,Yes,"대비, 핵심",현재 생존 확률이 낮고 유용한 코어를 희생해야만 상위 선택지가 열림,높음
극단적 재생의 생명력 비용과 포기 슬롯을 장부화하고 새 역할의 고점을 다시 설계하는 장면,REF-46,"강력한 회복 직후 비용·포기한 장점·즉사 예외를 다시 계산하고, 무적감보다 실종 동료 수색 목표를 우선한다.","859화 396,928~397,040행",2026년 8월 5일,준비,Yes,"주인공, 실종 동료들, 성장 후보군",결손 재생 확인 / 카운터 검증,Yes,"대비, 핵심",새 능력이 강하지만 생명력 비용·포기 슬롯·즉사 예외가 남음,높음
신체 변화에 맞춰 수복·형상·내성까지 생활 장비를 다시 설계하는 장면,REF-46,"능력 변화가 장비를 찢고 부식시키는 문제를 일상 대화로 드러낸 뒤, 맞춤 장비와 복구 기능에 비용을 선지불한다.","77화 37,331~37,397행",2026년 8월 5일,준비,Yes,"주인공, 동료 A",첫 역할 선택 / 코어 교체 뒤 전술 재설계,Yes,"대비, 후속",신체 확대와 부식 효과 때문에 기존 의복·장비를 그대로 쓸 수 없음,중간
새 능력 목록 직후 자기 몸을 그어 사라진 재생을 확인하고 조합을 다시 계산하는 장면,REF-46,"상승 수치 설명 뒤 직접 상처를 내 실제로 사라진 능력을 확인하고, 최종 조합을 고정 정답이 아닌 후보군으로 되돌린다.","139화 67,049~67,167행",2026년 8월 5일,준비,Yes,"주인공, 잠든 동료들",코어 희생 / 포션·진형 의존 검증,Yes,"핵심, 후속",상위 능력을 얻었지만 기존 재생과 감각이 사라져 실제 변화량 검증이 필요함,높음
공격 취향을 버리고 생존 효율과 최종 역할을 기준으로 방패를 고르는 장면,REF-46,"반복 실패 뒤 ‘꼭 공격 역할이어야 하는가’를 묻고, 실험으로 검증된 생존 역할을 현실 선택에도 적용한다.",3화 651~715행,2026년 8월 5일,준비,Yes,"주인공, 같은 종족의 성인식 참가자들",보호 장비 구매 / 생명력을 방어 자원으로 쓰는 장면,Yes,"선행, 핵심",취향과 생존 효율이 충돌하며 시작 무기가 이후 역할을 잠금,중간
비동의 성장 자원을 희귀 보상이 아니라 슬롯 훼손과 삭제 비용으로 정산하는 장면,REF-46,"희귀성보다 계획되지 않은 슬롯 점유와 교체 비용을 손해로 판정하고, 외부 전문가의 기준으로 이를 검증한다.","41~42화 19,665~19,775행",2026년 8월 5일,준비,Yes,"주인공, 마법사 A, 외부 탐험가 B",코어 교체 / 새 성장 자원 손익 재판정,Yes,"대비, 핵심",타인이 생존을 위해 당사자 동의 없이 예정에 없던 희귀 성장 자원을 사용함,높음
잃은 장비와 기억이 복원됐지만 보존 원인은 확정하지 않는 장면,REF-46,장비·운송 수단·기억이 복구되지만 대체 육체 때문인지 생존 탈출 때문인지 구분하지 못해 가설로 남긴다.,"896화 412,624~412,678행",2026년 8월 5일,준비,Yes,"공략자, 대체 육체 도구, 동료들",영구 접근권 / 소모품 환급 투자,Yes,"미해결, 핵심",특수 지역에서 자원을 잃었으나 죽지 않고 탈출함,중간
이전 회차의 소망을 그대로 인정하지 않고 현재 당사자에게 다시 선택을 요구하는 장면,REF-46,평화로운 탈출 소망을 체념으로 보고 다시 묻는다. 힘이 없다는 고백 뒤 선택 책임을 제시하고 긴 침묵 끝에 현재 의사를 받는다.,"913화 419,394~419,498행",2026년 8월 5일,준비,Yes,"공략자, 현재 현지 인물 A, 원본 인물 A",기억 비대칭 / 쉬운 종료 거절 / 새 목표 공론화,Yes,"대비, 핵심",이전 답변이 현재 당사자의 진짜 선택인지 체념인지 불명확함,높음
2회차 진입에서 1회차 경로 지식으로 이동과 질문을 압축하는 장면,REF-46,지역은 초기화됐지만 공략자의 길·시간·질문 순서 기억이 남아 1회차의 긴 탐색을 속도 자산으로 바꾼다.,"902~903화 414,700~415,120행",2026년 8월 5일,준비,Yes,"공략자, 원정대, 초기화 지역",리셋 가설 / 복원된 지역 확인,Yes,"대비, 핵심",지역 사건은 초기화됐지만 공략자 기억은 누적됨,중간
1회차 정보를 보증금과 참여 조건으로 바꾸고 환급 규칙으로 외부 투자를 끌어내는 장면,REF-46,정보 독점을 무료 브리핑으로 풀지 않고 보증금과 참여 조건으로 바꾼다. 소모 자원 환급 증거가 희귀 병기 투자를 가능하게 한다.,"899화 413,629~413,920행",2026년 8월 5일,준비,Yes,"공략자, 복수 집단 대표들",연구 가설 / 공략대 완성,Yes,"핵심, 후속",고위험 지역에 외부 전력·희귀 자원이 필요하고 1회차 정보는 공략자가 독점함,높음
파편 유물과 항해 기록을 대조해 적·약점·출현 조건 후보를 만드는 장면,REF-46,현장 기억과 직접 연결되지 않던 표류기·지도·유물을 대조해 전투력·약점·출현 조건의 검증 후보를 만든다.,"900화 414,020~414,125행",2026년 8월 5일,준비,Yes,"공략자, 연구자 A, 파편 기록들",민간 조사 / 전략 설계,Yes,"대비, 핵심",1회차 경험만으로 지역의 과거와 보스 조건을 설명할 수 없음,중간
복수 집단의 인력·희귀 자원·전략을 묶어 원하는 결말을 시도할 공략대를 완성하는 장면,REF-46,여러 집단의 인선과 전략 물자를 장부화해 불확실한 지역에서도 선택 가능한 전투 범위를 넓힌다.,"901~902화 414,585~414,613행",2026년 8월 5일,준비,Yes,"공략자, 네 집단의 공략대",투자 협상 / 2회차 속도전,Yes,"핵심, 후속",외부 세계에서 1회차보다 강한 전력과 희귀 자원을 준비할 수 있음,중간
기억 소실로 실패한 민간 조사에서 단서를 건진 연구자를 전속 정보 역할로 편입하는 장면,REF-46,다른 조사자들은 실패 때 기억을 잃었지만 연구자는 파편 단서를 남긴다. 공략자는 자기 경험을 제공하고 외부 자료 대조를 맡긴다.,"898화 413,410~413,503행",2026년 8월 5일,준비,Yes,"공략자, 연구자 A, 민간 조사대",유물 대조 / 종족 투자,Yes,"대비, 후속",공략자만 기억을 보존해 외부 조사와 문헌 대조가 필요함,중간
1회차의 긴 신뢰 루트를 폐기하고 군세와 점거 선언으로 정보 접근을 압축하는 장면,REF-46,과거의 고문·호감 형성 경로를 알고도 시간과 전력 차이 때문에 폐기하고 위협과 절차로 협상 위치를 바꾼다.,"904화 415,475~415,580행",2026년 8월 5일,준비,Yes,"공략자, 현지 지도자 A, 원정대",기억 기반 압축 / 현지 기억 부재,Yes,"이탈, 핵심",이전 신뢰 경로는 재현 가능하지만 대규모 전력과 시간 압박이 있음,높음
투자된 인원과 물자 때문에 철수가 어려워지고 복원된 지역으로 리셋을 확정하는 장면,REF-46,대규모 외부 준비는 선택지를 늘리지만 불확실성만으로 후퇴하기 어렵게 한다. 파괴된 지역의 복원은 리셋을 현장 증거로 확정한다.,"903~904화 415,300~415,465행",2026년 8월 5일,준비,Yes,"공략자, 원정대 지휘부, 복원된 지역",공략대 완성 / 과거 신뢰 루트 폐기,Yes,"대비, 실패",막대한 인력·물자를 투자했지만 내부 상황은 여전히 불확실함,중간
약한 대체 육체로 탈출해 기억·장비·영구 접근권을 보존하는 장면,REF-46,최종 전투 대신 현지 인물과 탈출을 택해 불완전 점수와 영구 재진입권을 얻는다. 사망 때 잃는 기억과 소지품이 생존 탈출에서는 남는다.,"895~896화 412,507~412,621행",2026년 8월 5일,준비,Yes,"공략자, 현지 인물 A, 시스템",장비·기억 복원 원인 보류 / 리셋 가설,Yes,"선행, 핵심",약한 대체 육체로 최종 전투는 불가능하지만 탈출 조건은 확보함,높음
높은 점수와 종료 제안을 현재 당사자의 불만족 표정 때문에 거절하는 장면,REF-46,시스템이 성공과 보상을 선언해도 당사자의 현재 표정과 미해결 사건을 근거로 종료 문구를 끊는다.,"912~913화 419,221~419,390행",2026년 8월 5일,준비,Yes,"공략자, 원본 현지 인물 A, 시스템",현재 소망 재확인 / 목표 공론화,Yes,"이탈, 핵심",형식상 성공했지만 현재 당사자의 만족과 미해결 사건이 남음,높음
공략자는 이전 관계를 기억하지만 현지 인물은 처음 보는 사람으로 대하는 장면,REF-46,공략자는 별명과 도움을 기억하지만 현지 인물은 누구냐고 묻는다. 기억 우위가 현재의 관계 동의를 자동으로 복원하지 않는다.,"907화 416,531~416,640행",2026년 8월 5일,준비,Yes,"공략자, 현지 인물 A, 연구원들",군세 접근 / 현재 욕망 재확인,Yes,"대비, 핵심",공략자만 이전 관계를 기억하고 현지 인물은 초기화됨,높음
외부 회의에서 지역 리셋과 불완전 탈출을 판정하고 다음 준비 방식을 바꾸는 장면,REF-46,"지역 소멸과 균열 구조를 대조해 리셋을 예측하고, 기억·장비 보존을 완전 공략이 아닌 탈출 보상으로 분리한다.","896화 412,820~412,880행",2026년 8월 5일,준비,Yes,"공략자, 탐사 전문가 A, 동료들",외부 투자 / 복원된 지역 확인,Yes,"핵심, 후속",첫 탈출 뒤 지역이 사라지고 완전 공략 보상은 없음,중간
개인의 현재 소망을 공략대의 새 목표로 번역해 탈출 중심 계획을 수정하는 장면,REF-46,"공략의 열쇠를 탈출에서 현재 소망으로 재정의하고, 개인의 선택을 다수 집단의 전략 목표로 번역한다.","913화 419,680~419,729행",2026년 8월 5일,준비,Yes,"공략자, 현지 인물 A, 원정대",현재 소망 재확인 / 후속 전투 루트,Yes,"대비, 후속",현재 당사자의 선택이 기존 탈출 계획과 충돌함,높음
생명력 소모 필드와 극재생의 연쇄를 발견해 동료를 빼고 혼자 보스를 붙잡는 장면,REF-46,일반적으로 불리한 생명력 소모 필드가 특정 재생 역할과 보스 적용 조건을 만나 공략 수단으로 바뀐다. 동료 투입을 금지하고 혼자 유지한다.,"917화 421,041~421,305행",2026년 8월 5일,준비,Yes,"주인공, 동료들, 보스 A",봉인 카운터 / 환경 적합성,Yes,"대비, 후속","생명력 소모 필드가 아군과 보스, 재생 사용자에게 다르게 작동함",높음
사용 효과 봉인 환경에서 새 빌드의 카운터를 인정하고 퇴각을 수용하는 장면,REF-46,핵심 보조 수단이 봉인되자 현장에서 불가능하다고 답하고 혼자 유지할 수 없음을 인정한다. 강함을 증명하려 하지 않고 작전 중단 근거로 사용한다.,"910~911화 418,208~418,460행",2026년 8월 5일,준비,Yes,"주인공, 지휘부, 보스 A",보스전 고점 / 환경 시너지 재발견,Yes,"대비, 실패",회복은 남아도 사용 효과 봉인과 변이 기믹 때문에 단독 유지가 불가능함,높음
보스 공격을 단독 감당하고 누적 피해를 동료 공격권과 반격 자원으로 바꾸는 장면,REF-46,회복 능력은 개인 불사 과시가 아니라 보스의 시선을 점유하고 동료 공격 시간을 만들며 누적 피해를 반격으로 환전하는 데 쓰인다.,"909~910화 417,181~418,127행",2026년 8월 5일,준비,Yes,"주인공, 본대, 보스 A",새 역할 손익 장부 / 사용 효과 봉인 카운터,Yes,"핵심, 후속",한 사람이 고위력 공격을 오래 받아내야 본대가 공격할 수 있음,높음
새 능력의 결손 재생을 몸으로 확인한 뒤 직전 손해 판정을 뒤집는 장면,REF-46,예상 밖 손실 때문에 새 선택을 의심하다가 신체 결손이 즉시 회복되는 순간 실전 가치를 확인하고 평가를 바꾼다.,"859화 396,748~396,926행",2026년 8월 5일,준비,Yes,"주인공, 동료 A, 능력 원형 존재",재생 상실 테스트 / 새 역할 손익 장부,Yes,"핵심, 후속",새 선택의 손실은 보였지만 핵심 효용은 실전 검증 전임,높음
비동의 희귀 보상을 슬롯 훼손과 삭제 비용으로 다시 정산하는 장면,REF-46,구해 준 보상이라는 평가와 당사자의 선택권 침해를 분리한다. 희귀성보다 예정된 조합 훼손과 복구 비용을 손해로 판정한다.,"41~42화 19,665~19,775행",2026년 8월 5일,준비,Yes,"주인공, 마법사 A, 외부 전문가 B",코어 교체 / 새 선택 손익 재판정,Yes,"대비, 핵심",타인이 생존을 위해 동의 없이 한정 슬롯을 점유시킴,높음
극단적 재생의 비용과 포기한 슬롯을 장부화하고 즉사 예외를 남기는 장면,REF-46,"압도적 장점만 선언하지 않고 재생 비용, 포기한 방어 능력, 즉사 가능성과 다음 슬롯을 함께 계산한다.","859화 396,928~397,040행",2026년 8월 5일,준비,Yes,"주인공, 동료 A",결손 재생 확인 / 보스전 유지력,Yes,"대비, 핵심",새 능력의 고점이 확인됐지만 포기 비용과 카운터가 남음,높음
생존 확률을 높이기 위해 현재도 유용한 코어를 희생하고 상위 선택지를 여는 장면,REF-46,쓸모없는 능력을 버리지 않고 현재도 유용한 보호 코어를 제물로 삼는다. 손실을 감수해야만 위기 탈출용 상위 선택지가 열린다.,"138~139화 66,821~67,047행",2026년 8월 5일,준비,Yes,"주인공, 적대자 A, 동료들",재생 상실 확인 / 새 의존 구조,Yes,"대비, 핵심",생존 확률이 매우 낮고 유용한 기존 코어를 버려야 상위 선택을 얻음,높음
능력 목록 직후 몸을 베어 사라진 재생을 확인하고 조합을 다시 계산하는 장면,REF-46,수치 상승 설명 직후 실제 상처가 낫지 않는지 시험한다. 손실을 몸으로 확인한 뒤 최종 조합과 장비·전투 방식을 다시 계산한다.,"139화 67,049~67,167행",2026년 8월 5일,준비,Yes,"주인공, 잠든 동료들",코어 희생 / 포션·진형 의존,Yes,"핵심, 후속",상위 능력을 얻었지만 기존 회복 능력의 상실 정도가 불명확함,높음
신체 변화 능력에 맞춰 일상 장비와 내성을 다시 설계하는 장면,REF-46,능력 사용 때 장비가 파손되는 문제를 일상 대화로 드러낸 뒤 수복·형상·내성 기능을 묶어 유지 비용을 선지불한다.,"77화 37,331~37,397행",2026년 8월 5일,준비,Yes,"주인공, 동료 A",첫 역할 선택 / 코어 교체 뒤 전술 재설계,Yes,"대비, 후속",새 능력이 기존 의복과 장비를 반복 파손함,중간
자기 생존용 치유를 요구하지 않고 생명력을 방어 자원으로 태우는 장면,REF-46,자신에게 치유를 몰면 더 안전하지만 한정 자원을 다른 전사들에게 남긴다. 낮은 생명력을 방어력과 구조 가능성으로 환산한다.,"222화 109,141~109,239행",2026년 8월 5일,준비,Yes,"주인공, 치유자 A, 원정대 전사들",첫 역할 선택 / 지원 의존 구조,Yes,"대비, 핵심",한정 치유 자원을 자신에게 쓰면 안전하지만 다른 구성원의 생존 가능성이 낮아짐,높음
재생 상실 뒤 포션 담당과 후열 보호 위치를 다시 짜 새 역할을 검증하는 장면,REF-46,공격력 상승만 보여 주지 않고 회복 부재 때문에 누가 포션을 쓰고 누가 후열을 지키며 누가 짧게 진입하는지 전투 배열을 바꾼다.,"140화 67,619~67,823행",2026년 8월 5일,준비,Yes,"주인공, 적대자 A, 근접 동료 B, 방패 동료 C, 지원자 D",손실 확인 / 치유 자원 배분,Yes,"핵심, 후속",자연 회복을 잃은 상태에서 장기전을 버텨야 함,높음
공격 취향을 버리고 생존 효율과 최종 역할을 기준으로 시작 무기를 고르는 장면,REF-46,"반복 실패 경험 뒤 ‘꼭 공격 역할이어야 하는가’를 묻고, 취향보다 생존과 장기 역할을 우선해 방패를 고른다.",3화 651~715행,2026년 8월 5일,준비,Yes,"주인공, 종족 공동체",보호 장비 재설계 / 생명력 자원화,Yes,"선행, 핵심",취향과 생존 효율이 충돌하고 첫 선택이 장기 역할을 고정함,중간
압도적 전투 권한을 보여 준 뒤 공유 기억과 행동으로 재회 상대를 판정하는 장면,REF-46,"옛 신입은 전쟁 영웅의 힘으로 먼저 등장하고, 과거 기억과 행동 기준을 대조해 상대를 같은 사람으로 인정한다.","338~339화 166,900~167,179행",2026년 8월 5일,준비,Yes,"귀환자 A, 옛 신입 B, 경쟁 동료 C",초기 역할 형성 / 경쟁자 제거 제안,Yes,"핵심, 후속",죽은 것으로 알려진 보호자와 압도적 권한을 얻은 신입이 재회함,높음
최상위 전투 권한의 효율과 충동·불신·자제력 저하 비용을 함께 계산하는 장면,REF-46,희귀 권한 조합의 전투 고점과 정신·관계 통제 비용을 같은 장부에 놓고 실제 전투로 양쪽을 검증한다.,"463화 228,540~228,750행",2026년 8월 5일,준비,Yes,"관찰자 A, 최상위 전투자 B, 계약 존재 C",전쟁 영웅 재회 / 통제 대면,Yes,"대비, 핵심",희귀 권한 조합으로 전투력은 극대화됐지만 정신 비용이 누적됨,높음
편지·장비·창문을 차단해 보호를 외부 활동권 박탈로 바꾸는 장면,REF-46,"훼손된 편지, 사라진 장비, 막힌 창문과 외출 불필요 선언이 보호 명분을 구체적 권리 침해로 바꾼다.","341화 167,975~168,140행",2026년 8월 5일,준비,Yes,"귀환자 A, 강한 보호자 B, 경쟁 동료 C",살해 금지 경계 / 통제 인정,Yes,"실패, 핵심",압도적 권한을 가진 보호자가 재상실을 막으려 연락·장비·외부 활동을 차단함,높음
관계 합의 뒤에도 막힌 창문이 남고 숨긴 장비만 반환되는 장면,REF-46,대화로 경계가 합의돼도 환경 통제와 불신의 흔적은 즉시 사라지지 않고 일부 권리만 복구된다.,"347화 170,331~170,379행",2026년 8월 5일,준비,Yes,"귀환자 A, 강한 보호자 B, 은거 공간",관계 경계 설정 / 후속 외부 활동 수용,Yes,"대비, 후속",통제 문제를 인정했지만 물리적 환경과 불신이 남음,높음
방치했던 동생과 상실 기억을 다시 말하고 서로 눈치를 보는 미완 가족 관계를 확인하는 장면,REF-46,잃은 가족과 탐험의 박탈을 다시 말하지만 자매는 작은 호의조차 주고받지 못해 회복이 아직 미완임을 보여 준다.,"779화 363,699~363,925행",2026년 8월 5일,준비,Yes,"언니 A, 동생 B, 동료 C, 사망한 가족 D",초기 가족 부양 욕망 / 공동체 비용 / 입지 개선,Yes,"대비, 핵심",복수와 전쟁 동안 멀어진 가족이 재회했지만 죄책감과 상실이 남음,높음
공공 권한을 버린 배신자 비난과 살해·회수 주장 앞에서 공개 경계를 긋는 장면,REF-46,"공동체는 떠난 인물의 공공 권한을 회수하려 살해까지 주장하고, 동료는 먼저 모욕과 위협을 멈춰 개인 선택의 안전선을 확보한다.","778화 363,287~363,430행",2026년 8월 5일,준비,Yes,"귀환한 인물 A, 동료 B, 종족 공동체",공동체 비용 인정 / 가족 회복,Yes,"핵심, 후속",공공 성격의 희귀 권한을 가진 인물이 공동체 의무를 떠남,높음
통제 문제를 인정하고 힘을 버리겠다는 순종을 거절해 선택권과 관계 경계를 남기는 장면,REF-46,강한 보호자가 문제를 인정하고 힘 전부를 포기하겠다고 하자 상대는 순종을 이용하지 않고 힘은 유지하되 경계를 지키라고 한다.,"346~347화 170,120~170,325행",2026년 8월 5일,준비,Yes,"귀환자 A, 강한 보호자 B, 경쟁 동료 C",외부 활동권 박탈 / 환경 통제 잔여,Yes,"대비, 핵심",상실로 얻은 힘이 관계 통제 수단으로 변질됐지만 당사자가 전면 순종을 제안함,높음
감지·사격 역할과 임시 배분 계약을 질문 순서로 정하는 장면,REF-46,위로보다 추격 정보·감지 거리·잘하는 일·살해 경험을 차례로 묻고 임시 역할과 배분을 정한다.,"10화 4,007~4,197행",2026년 8월 5일,준비,Yes,"보호자 A, 신입 B, 추격자들",첫 살해 인정 / 전투 성과·수익 확인,Yes,"선행, 핵심",신입의 정보·전투 역할·실행 가능성을 확인해야 동행을 결정할 수 있음,중간
부상한 신입이 부양할 가족을 이유로 생존을 요청하고 치료 자원만 먼저 받는 장면,REF-46,신입은 무릎 꿇고 살려 달라 요청하지만 동행권 대신 약과 붕대라는 최소 치료권만 먼저 받는다.,"8화 3,379~3,480행",2026년 8월 5일,준비,Yes,"보호자 A, 신입 B, 추격자들",역할·배분 계약 / 장기 부재 뒤 재회,Yes,"선행, 핵심",부상한 초보가 추격당하고 도시의 가족을 부양해야 함,중간
보호자에게 공동체 여론과 권력 구조를 묻고 입지 회복을 제도 과제로 바꾸는 장면,REF-46,가족 보호자는 개인 책임을 요구하고 나쁜 여론을 설명한다. 동료는 위로보다 권력 구조와 개선 방법을 물어 공동체 부채를 계획으로 전환한다.,"779~780화 363,979~364,050행",2026년 8월 5일,준비,Yes,"동료 A, 귀환한 인물 B, 가족 보호자 C",공개 모욕 / 공동체 비용 인정,Yes,"핵심, 후속",개인 선택을 보호하면서 공동체 손실과 여론 비용을 별도로 정산해야 함,중간
첫 살해 직후 망설이지 않은 판단을 짧게 인정하고 치료로 전환하는 장면,REF-46,감정 해설보다 망설였으면 위험했다는 판정과 짧은 칭찬을 먼저 줘 생존 행동을 역할 경험으로 바꾼다.,"10화 4,269~4,325행",2026년 8월 5일,준비,Yes,"보호자 A, 신입 B, 추격자 C",역할 계약 / 자원 제한 전투,Yes,"핵심, 후속",살해 경험 없는 신입이 즉시 사격해야 둘 다 생존함,높음
자원 제한 아래 자기 몫을 증명하고 가족을 위한 수익 가능성을 확인하는 장면,REF-46,신입은 고유 능력을 아끼고 기본 솜씨로 적을 잡아 인정받은 뒤 회수 자원과 약속된 몫을 가족 부양에 연결한다.,"11화 4,551~4,607행",2026년 8월 5일,준비,Yes,"보호자 A, 신입 B, 몬스터",역할 계약 / 후반 가족 부채,Yes,"대비, 핵심",보호받던 신입이 자원을 아끼면서 한 사람 몫을 증명해야 함,중간
보호 약속 직후 경쟁 동료 살해 제안에 즉시 금지 경계를 세우는 장면,REF-46,다시는 잃지 않겠다는 보호가 경쟁자 제거로 이어지자 이유 논쟁보다 살해 금지를 먼저 확정한다.,"340화 167,560~167,657행",2026년 8월 5일,준비,Yes,"귀환자 A, 강한 보호자 B, 경쟁 동료 C",연락·장비·창문 통제 / 통제 대면,Yes,"대비, 핵심",상실 강박을 가진 강자가 경쟁 동료를 재상실 위험으로 판정함,높음
개인 자유의 공동체 비용을 인정하고 방치한 가족 관계의 부분 회복을 확인하는 장면,REF-46,"떠난 인물은 공공 권한 손실과 회수 논리를 설명하고, 동료는 공동체 정산을 약속하며 가족과 다시 말하기 시작한 상태를 확인한다.","778~779화 363,599~363,691행",2026년 8월 5일,준비,Yes,"귀환한 인물 A, 동료 B, 동생 C, 공동체 조직",공개 모욕 차단 / 동생과 상실 대화,Yes,"대비, 핵심",개인 자유가 공동체 권한 손실과 가족 방치를 남김,높음
공식 초대장이 반조직 연대·보상 수용·유가족 이해를 동시에 호출하는 장면,REF-46,한 사람의 행사 참여가 개인 평판이 아니라 생존자 연대와 유가족 보상 여부에 영향을 준다.,"232화 115,780~115,815행",2026년 8월 5일,준비,Yes,"상징적 생존자 A, 공동체 원로 B, 생존자들, 유가족",회유 조건 / 유가족 잔여,Yes,"대비, 후속",공식 행사 참여가 복수 집단의 이해관계에 연결됨,중간
과거 작위가 전시 소집·군사 편입·탈영 처벌·조직원 보호 가능성으로 동시에 현실화되는 장면,REF-46,명예 칭호가 소집 족쇄가 되지만 작위가 남아야 조직원의 극형을 완화할 정치적 여지도 생긴다.,"706~707화 334,341~334,510행",2026년 8월 5일,준비,Yes,"작위 단장 A, 조직원들, 군 경험자 B, 공권력",초기 작위 회유 / 부단장 선출 / 후견 기대,Yes,"핵심, 후속",작위 귀족이 이끄는 조직이 전시 소집령을 늦게 확인함,높음
공식 낙인 한 문장이 사망한 영웅을 전 사회의 제거 대상으로 바꾸는 장면,REF-46,과거 작위와 영웅 명성은 공권력의 짧은 공표로 검증·귀환·관계 접근의 위험으로 뒤집힌다.,"338화 166,323~166,337행",2026년 8월 5일,준비,Yes,"귀환자 A, 동료 B, 공권력 조직",공식 기록 수습 보류 / 공개 정체 회수,Yes,"이탈, 핵심",영웅이 죽은 것으로 알려진 뒤 소문이 공식 승인됨,높음
조직 실패 뒤 생존자 증언이 한 전투자를 제거보다 회유할 상징으로 만드는 장면,REF-46,공적이 강해서가 아니라 조직 실패의 생존 증언과 불신이 한 사람을 잠재적 구심점으로 만든다.,"231~232화 115,251~115,325행",2026년 8월 5일,준비,Yes,"상징적 생존자 A, 왕가 관료 B, 실패한 기사단, 생존자들",작위·보상 회유 / 공식 낙인,Yes,"선행, 핵심",공권력 조직이 대규모 인원을 버리고 도주한 뒤 생존자 증언이 확산됨,높음
영웅 작위가 하급 전투원의 보호 기대와 지휘부 접근·복무 의무를 동시에 만드는 장면,REF-46,"하급 전투원은 작위 영웅을 후견인으로 기대하고, 공권력은 같은 작위로 회의 접근과 군사 편입을 실행한다.","708화 334,960~335,150행",2026년 8월 5일,준비,Yes,"작위 단장 A, 부단장 B, 하급 전투원들, 기사단·군단·군사령부",작위 회유 / 소집 의무,Yes,"핵심, 후속",현역 전투자 출신 작위 귀족이 전시에 등장함,높음
공개 행사에서 본명과 작위를 선언해 낙인 기록과 조직 위신을 충돌시키는 장면,REF-46,수천 명이 보는 자리에서 공식 호명과 실제 정체를 결합해 조직이 기존 낙인을 비밀 임무용 위장으로 재작성하게 만든다.,"432~433화 213,340~213,585행",2026년 8월 5일,준비,Yes,"귀환자 A, 고위 귀족 B, 공권력, 공개 군중",공식 낙인 / 영웅 개선식 / 전시 작위,Yes,"이탈, 핵심",영웅 행사와 공식 낙인 기록이 공개 자리에서 동시에 성립할 수 없음,높음
작위 단장의 강제 분리 전에 투표로 부단장을 세우고 최종 판단 책임을 넘기는 장면,REF-46,외부 제도가 단장을 떼어 갈 가능성 때문에 내부 투표로 대리 권한을 만들고 결과 책임까지 명시한다.,"707~708화 334,780~334,883행",2026년 8월 5일,준비,Yes,"단장 A, 선출된 부단장 B, 후보 C, 조직원들",전시 소집 / 군단 편입,Yes,"대비, 핵심",외부 복무 의무가 조직 내부 지휘 공백을 만듦,중간
작위·보물 접근·장비 보상과 공식 우호 연출을 하나의 회유 조건으로 묶는 장면,REF-46,보상은 성장 자원과 접근권을 열지만 공식 행사에서 조직에 우호적인 상징으로 행동할 의무를 함께 만든다.,"232화 115,329~115,435행",2026년 8월 5일,준비,Yes,"상징적 생존자 A, 왕가 관료 B, 생존자들",상징적 구심점 / 전시 작위 의무,Yes,"대비, 핵심",조직이 불신의 구심점을 제도 안으로 흡수하려 함,높음
사망자의 낙인을 공식 승인한 행위를 정치 신호로 읽고 즉시 복귀를 보류하는 장면,REF-46,기록의 사실 여부보다 왜 조직이 죽은 사람의 소문을 굳이 승인했는지 먼저 판단해 공개 검증을 늦춘다.,"340~341화 167,757~167,817행",2026년 8월 5일,준비,Yes,"귀환자 A, 공권력 조직, 검증 수단",공식 낙인 / 공개 행사 역전,Yes,"대비, 핵심",기록은 반박 가능하지만 승인 목적과 배후를 모름,높음
빈 관·생존자 행렬·연설로 구조 실패를 비밀 임무 영웅 서사로 편집하는 장면,REF-46,죽은 것으로 처리했던 집단의 귀환을 행렬·공적 호명·조직 찬사로 다시 짜 실제 실패와 협상을 지운다.,"432화 212,671~213,077행",2026년 8월 5일,준비,Yes,"귀환자 집단, 고위 귀족 A, 공권력, 귀족·길드·군중",귀환자 격리 / 공개 본명 선언,Yes,"대비, 핵심",조직이 구조하지 못한 생존자들의 전공을 질서 유지용 서사로 발표해야 함,높음
귀환 집단을 특수 부대로 분류해 감시·격리하고 공개 행사 전까지 은폐시키는 장면,REF-46,귀환자의 사실 진술과 물품을 선별한 뒤 대중 관심과 행사 성공을 이유로 이동·공개 권한을 제한한다.,"431화 212,247~212,661행",2026년 8월 5일,준비,Yes,"귀환자 집단, 고위 귀족 A, 공권력 특수부대",영웅 개선식 / 공개 정체 충돌,Yes,"선행, 핵심",대규모 전공과 위험한 증거를 가진 장기 실종 집단이 귀환함,높음
화려한 영웅 행사 뒤 유가족의 상실과 구조 실패 책임이 남는 장면,REF-46,사망자 이름과 사죄를 공개해도 유가족의 상실과 조직 실패를 개인의 복수 의무로 바꿀 수는 없다.,"433화 213,680~213,735행",2026년 8월 5일,준비,Yes,"귀환자 A, 사망자 유가족, 공권력",유가족 보상 요구 / 개선식 서사,Yes,"대비, 실패",공식 행사가 전공과 사죄를 연출했지만 실제 희생이 남음,중간
가족 구출과 신분 해결을 조건으로 미래 동료 약속을 체결하는 장면,REF-46,반복 협력의 보상은 친구 호칭이 아니라 가족·신분·현재 동료 안전 조건이 충족될 때 발동하는 동료권이다.,"305~306화 151,281~151,409행",2026년 8월 5일,준비,Yes,"제안자 A, 조건부 협력자 B, 가족 C",복수 기원 공개 / 제한적 정보 공개 확대,Yes,"핵심, 후속",가족 생존·신분 제약·현재 동료 안전 문제가 남음,높음
자기 중상을 처리한 뒤 구조한 상대의 생존 상태를 확인하는 장면,REF-46,구조자는 자기 신체 결손을 실용적으로 복구하고 곧바로 상대와 일행의 상태 확인으로 전환한다.,"277화 136,973~137,033행",2026년 8월 5일,준비,Yes,"구조자 A, 부상자 B, 동료 C",협박자 제거 / 해독제 제공,Yes,"대비, 후속",구조자와 인질 모두 심각하게 다쳤음,높음
협박자의 정보 독점을 대체 심문 경로로 깨고 인질 편을 택하는 장면,REF-46,숙원 정보가 독점된 듯 보여도 다른 정보원을 계산해 협박자의 힘을 없앤다.,"276~277화 136,863~136,965행",2026년 8월 5일,준비,Yes,"인질 A, 적대자 B, 협박자 C",해독제 제공 / 공동 전투,Yes,"대비, 핵심",협박자가 인질과 숙원 정보를 동시에 쥐지만 대체 정보원이 존재함,높음
살해 금지 계약을 우회해 복수 대상을 죽게 만들고 기억을 지우는 장면,REF-46,"직접 금지된 행위는 피하면서 결과를 만들고, 기억 삭제로 개입 흔적까지 제거한다.","148화 71,555~71,729행",2026년 8월 5일,준비,Yes,"적대자 A, 복수 대상 B, 순찰 조직",협박자 제거 / 어린 미래 적대자 기억 삭제,Yes,"선행, 핵심",계약이 직접 살해만 금지하며 치명상 상태와 기억 삭제 수단이 있음,높음
원래 시간대로 돌아갈 방법·위험·자원을 나눠 상호 의존을 협상하는 장면,REF-46,각자가 가진 정보와 자원을 교환해 혼자서는 불가능한 귀환 계획을 조건부 공동 과제로 만든다.,"285화 141,713~141,893행",2026년 8월 5일,준비,Yes,"귀환 희망자 A, 협력자 B",표류 공동 생존 / 약속 이행,Yes,"대비, 핵심",양쪽 모두 귀환을 원하지만 필요한 조건을 나눠 가짐,높음
정한 시점에 자원과 조사 결과를 가져와 약속 이행을 증명하는 장면,REF-46,관계 변화가 감정 고백이 아니라 기한·자원·조사 결과의 실제 이행으로 증명된다.,"287화 142,543~142,579행",2026년 8월 5일,준비,Yes,"계획자 A, 협력자 B",귀환 협상 / 정체 검증,Yes,"핵심, 후속",고위험 계획의 준비 약속이 실제 수행되어야 함,중간
해독제와 전투력을 제공해도 과거 범죄 때문에 집단 감시가 남는 장면,REF-46,생존 공적이 즉시 도덕적 신뢰로 환산되지 않고 무기 대치와 감시가 유지된다.,"277화 137,209~137,317행",2026년 8월 5일,준비,Yes,"약탈자 A, 부상자 B, 경계자 C, 일행",구조 후 상태 확인 / 반복 역할 이행,Yes,"대비, 핵심",과거 범죄자가 현재 생존에 필요한 약과 전투력을 제공함,높음
기억 삭제 실패를 단서로 정체를 추론하고 직접 검증하는 장면,REF-46,과거의 예외와 현재 행동을 연결하되 추측에서 멈추지 않고 질문과 검증 장치로 확정한다.,"301~302화 150,001~150,321행",2026년 8월 5일,준비,Yes,"검증자 A, 피검증자 B",기억 삭제 실패 / 약점 확보와 목표 분리,Yes,"대비, 핵심",동일 인물 가설을 지지하는 단서는 있지만 확정 증거가 없음,높음
가족 상실과 범죄 이력을 공개해 복수 목표의 기원을 설명하는 장면,REF-46,과거 범죄를 지우지 않고 가족 상실과 복수 목표가 연결된 경로를 공개한다.,"305화 150,947~151,279행",2026년 8월 5일,준비,Yes,"복수자 A, 협력자 B, 가족과 과거 조직",목표 분리 / 조건부 동료 약속,Yes,"핵심, 후속",장기 복수 목표의 기원과 책임을 설명해야 함,높음
미래 적대자의 어린 육체를 죽이지 않고 기억 삭제로 위험을 우회하는 장면,REF-46,미래 위험과 현재 책임을 분리해 살해보다 덜 치명적인 처리부터 시도한다.,"300~301화 149,705~150,081행",2026년 8월 5일,준비,Yes,"협력자 A, 계획자 B, 어린 미래 적대자 C",초기 기억 삭제 / 삭제 실패와 정체 검증,Yes,"대비, 이탈",미래에는 적이지만 현재는 어린 육체이며 기억 삭제 수단이 있음,높음
불확실한 탈출 계획에 합의하고 전위·극딜 역할을 반복 이행하는 장면,REF-46,계획의 실패 대비까지 확인한 뒤 감정이 아니라 역할 반복으로 협력의 예측 가능성을 쌓는다.,"278~280화 138,393~139,200행",2026년 8월 5일,준비,Yes,"계획자 A, 적대적 협력자 B, 일행",해독·불신 / 미끼 잔류,Yes,"핵심, 후속",과거 적대자를 포함한 집단이 고위험 탈출 계획을 수행해야 함,높음
신뢰 확인과 배신 방지용 약점 확보를 함께 인정하고 목표를 분리하는 장면,REF-46,믿어도 되는지 알고 싶은 욕망과 배신 방지 계산을 동시에 인정해 신뢰를 무방비와 분리한다.,"302화 150,329~150,503행",2026년 8월 5일,준비,Yes,"검증자 A, 피검증자 B",정체 검증 / 복수 기원 공개,Yes,"대비, 핵심",정체는 확인됐지만 과거 적대와 미래 배신 위험이 남음,높음
동료를 먼저 탈출시키고 빚과 성공 계산 때문에 둘만 미끼로 남는 장면,REF-46,구조받은 빚과 성공 가능성 계산이 같은 선택을 지지해 두 사람이 마지막 위험을 맡는다.,"280~281화 139,227~139,379행",2026년 8월 5일,준비,Yes,"전위 A, 적대적 협력자 B, 탈출 일행",반복 역할 이행 / 표류 공동 생존,Yes,"대비, 핵심",다른 동료를 살리려면 둘이 남아 적을 끌어야 함,높음
표류 전투에서 방어·공격·고정·귀환 자원을 나누면서도 정보 경계를 남기는 장면,REF-46,전투 합은 전우 수준으로 높아지지만 숙원 물건과 최종 목적의 비밀은 공개되지 않는다.,"281~282화 139,425~140,179행",2026년 8월 5일,준비,Yes,"전위 A, 극딜 B, 보스와 특수 자원",미끼 잔류 / 귀환 협상,Yes,"핵심, 후속",둘만 남아 광역 피해와 표류를 버텨야 함,높음
비상 계획을 유지한 채 지원 범위와 결별 조건을 명시하는 협력자 계약 장면,REF-46,목표 일치나 전면 신뢰 없이 지원 범위·결별 시점·비상 계획 보유를 언어로 고정한다.,"500~501화 246,401~246,533행",2026년 8월 5일,준비,Yes,"협력자 A, 협력자 B",결별선 위협 / 예정된 미래 공개,Yes,"핵심, 후속",핵심 목표는 다르지만 공동 이익과 지원 가능성이 남음,높음
소중한 동료를 제거하겠다는 가정으로 즉시 결별선을 확인하는 장면,REF-46,핵심 목표가 관계를 침해할 때 협력 종료와 적대 전환 조건을 직접 확인한다.,"437화 215,577~215,807행",2026년 8월 5일,준비,Yes,"귀환 우선자 A, 관계 우선자 B, 동료 C",목표 시험 / 협력자 계약,Yes,"실패, 이탈, 핵심",귀환 목표와 소중한 관계가 충돌할 수 있음,높음
즉시 귀환 선택 질문으로 가치 우선순위와 거짓말을 판정하는 장면,REF-46,답변 내용과 반응 지연을 함께 보며 귀환과 현재 관계 중 무엇이 우선인지 시험한다.,"436화 215,403~215,529행",2026년 8월 5일,준비,Yes,"질문자 A, 응답자 B",정체 확인 / 결별선 위협,Yes,"대비, 핵심",핵심 목표 우선순위가 완전히 일치하지 않음,높음
구원 약속과 증언·전투 역할을 묶어 배신하기 어려운 계약을 만드는 장면,REF-46,희망을 협력 조건과 실적에 묶어 계약 대상의 이탈 가능성을 줄인다.,"340화 167,359~167,479행",2026년 8월 5일,준비,Yes,"계약 제공자 A, 계약 대상 B",구원 제안 / 지연 종속,Yes,"대비, 실패, 핵심",계약 대상이 희망 때문에 거절하기 어려움,높음
현실 조우에서 공격과 떠보기를 병행해 정체를 강제 확인하는 장면,REF-46,공통 출신 가능성만으로 믿지 않고 공격·질문·반응을 통해 현재 정체를 확인한다.,"250~251화 124,851~125,079행",2026년 8월 5일,준비,Yes,"검증자 A, 피검증자 B",출신 인증 / 현실 경계,Yes,"대비, 핵심",현실 공간에서 만났지만 실제 정체와 의도를 확정할 수 없음,높음
제삼자 편입 이유와 과거 정보를 교환하되 공개 범위를 제한하는 장면,REF-46,정체 확인 뒤 정보 교환은 늘지만 모든 비밀과 최종 계획은 넘기지 않는다.,"436화 215,173~215,295행",2026년 8월 5일,준비,Yes,"협력자 A, 협력자 B, 제삼자 C",상호 정체 확인 / 목표 시험,Yes,"대비, 후속",정체는 확인됐지만 장기 계획 전체는 공유되지 않음,높음
상호 정체 확인 직후 상징 이용 책임과 은폐를 묻는 장면,REF-46,정체 확인을 친밀감으로 닫지 않고 상대를 이용한 책임과 숨긴 정보 범위를 먼저 묻는다.,"435~436화 214,817~215,127행",2026년 8월 5일,준비,Yes,"협력자 A, 협력자 B",정보망 접근 / 귀환 목표 시험,Yes,"핵심, 후속",상호 정체와 장기 은폐 책임이 동시에 드러남,높음
공통 출신을 인증한 뒤 현실 정체와 현지 신분을 분리하는 장면,REF-46,같은 출신은 친근한 접근권을 열지만 서로의 현재 신분과 장기 목적은 자동 공개되지 않는다.,"124화 59,669~59,813행",2026년 8월 5일,준비,Yes,"동향인 A, 동향인 B, 익명 정보망",정보망 접근 / 현실 조우,Yes,"선행, 핵심",공통 출신은 확인했지만 현재 신분과 목적은 모름,높음
고급 정보와 익명 정보망 접근권을 주면서 장기 목적은 숨기는 장면,REF-46,초기 호의는 정보·접근권으로 나타나지만 자기 세력과 귀환 계획은 비공개로 남는다.,"124화 59,883~59,989행",2026년 8월 5일,준비,Yes,"동향인 A, 정보 제공자 B, 익명 정보망",출신 인증 / 상호 정체 확인,Yes,"대비, 후속",정보 제공은 가능하지만 장기 계획 공개는 위험함,높음
상징 이용과 폭력 계획을 공개하고 현재 보호선을 만드는 장면,REF-46,과거 이용 책임과 폭력 계획을 인정한 뒤 현재 동료에 대한 위해 금지 범위를 협상한다.,"470화 231,423~231,527행",2026년 8월 5일,준비,Yes,"상징으로 이용된 A, 계획자 B, 현재 동료들",상호 정체 책임 / 미래 기록 공개,Yes,"핵심, 후속",과거 이용과 현재 협력의 보호 범위를 분리해야 함,높음
제삼자의 보호권을 돌려주는 행위로 다음 협력 조건을 여는 장면,REF-46,제삼자 인도는 순수 호의가 아니라 다음 정보·지원 협상의 입구가 된다.,"469~470화 231,219~231,395행",2026년 8월 5일,준비,Yes,"보호자 A, 협상자 B, 제삼자 C",상징 이용 공개 / 종속 반례,Yes,"대비, 후속",제삼자의 소속과 보호권을 되돌려야 함,높음
상실한 사람의 소생 가능성을 제안해 장기 협력의 문을 여는 장면,REF-46,구원 가능성이 절실한 상대에게 희망을 제시하지만 실행 시점과 조건은 제공자가 독점한다.,"312~313화 154,743~154,903행",2026년 8월 5일,준비,Yes,"계약 제공자 A, 상실한 인물 B, 부재한 인물 C",구원 계약 / 지연 종속,Yes,"선행, 핵심",상실 회복 희망이 절실하고 제공자가 방법을 독점함,높음
공통 출신 뒤에도 현실에서는 남으로 지내자고 경계를 세우는 장면,REF-46,출신이 같아도 귀환과 현재 세계의 우선순위가 달라 현실 관계권을 제한한다.,"251화 125,183~125,303행",2026년 8월 5일,준비,Yes,"동향인 A, 동향인 B",정체 확인 / 귀환 목표 충돌,Yes,"대비, 이탈",공통 출신이지만 장기 우선순위가 다름,높음
구원 약속이 지연·실적 요구·업무적 종속으로 바뀐 제삼자 장면,REF-46,희망 때문에 떠나지 못한 계약 대상이 실행 지연과 실적 평가 아래 업무적 잔류로 굳어진다.,"477화 234,789~234,913행",2026년 8월 5일,준비,Yes,"계약 제공자 A, 계약 대상 B, 부재한 인물 C",구원 제안 / 구원 계약,Yes,"대비, 실패, 후속",제공자가 시점과 평가권을 독점하고 대상은 희망 때문에 이탈하기 어려움,높음
예정된 미래와 장기 은폐 동기를 공개하는 장면,REF-46,예정된 미래·귀환 가능성·비상 계획을 공개해 장기 은폐의 목적을 드러낸다.,"500화 246,081~246,399행",2026년 8월 5일,준비,Yes,"협력자 A, 협력자 B, 예정된 미래 기록",폭력 계획 공개 / 협력자 계약,Yes,"핵심, 후속",장기 계획이 상대의 동료와 세계에 위험을 줄 수 있음,높음
참 판정을 받은 정보가 발화자의 잘못된 확신일 수 있음을 공개하는 장면,REF-46,장치는 객관적 사실이 아니라 발화자가 믿는 내용을 통과시킬 수 있어 참가자 반응과 현실 조건을 다시 확인해야 한다.,"125~126화 60,589~60,799행",2026년 8월 5일,준비,Yes,"발화자 A, 집회 참가자들",최소 문장 이의 / 상반된 확신 통과,Yes,"오해, 핵심",발화자가 과거 지식을 강하게 믿지만 현재 조건과 충돌할 수 있음,높음
답변 거부 사유를 검증하고 답변자가 질문을 선택하는 규칙을 투표로 만드는 장면,REF-46,무조건 답변이 아니라 거절 사유의 진실성과 질문 선택권을 별도 규칙으로 배분한다.,"572화 278,379~278,517행",2026년 8월 5일,준비,Yes,"제안자 A, 반대자 B, 답변자와 질문자들",사적 질문 거절 / 최소 발화 종료,Yes,"핵심, 후속",질문 게임에 정체 노출 위험과 질문 강제 문제가 있음,높음
공식 거래 전 사적 질문을 거절하고도 추가 압박 없이 순서를 시작하는 장면,REF-46,규칙 밖 질문에는 답변 의무가 없고 거절이 관계 파탄이나 제재로 이어지지 않는다.,"125화 60,383~60,443행",2026년 8월 5일,준비,Yes,"신입 A, 질문자 B, 익명 집회 참가자들",최소 문장 이의 / 답변자 질문 선택,Yes,"대비, 선행",공식 거래 시작 전의 사적 질문임,높음
군중·전문가·기록·당사자 검증을 겹쳐 거짓 증언과 회유를 뒤집는 장면,REF-46,서로 다른 실패 가능성을 가진 증거원을 공개 자리에서 충돌시켜 한 기관의 판정을 뒤집는다.,"39~40화 18,489~19,115행",2026년 8월 5일,준비,Yes,"피조사자 A, 전문가 B, 거짓 증인 C, 군중과 기록",공개 상황 조성 / 묵비권 대비,Yes,"핵심, 후속",내부 증언과 기록이 오염됐지만 공개 교차 검증이 가능함,높음
잘못된 정보를 진실이라 믿는 발화가 참 판정을 받아 출처와 의도를 다시 추적하는 장면,REF-46,판정 이후에도 출처·동기·접근 경로를 묻지 않으면 잘못된 확신이 행동 기준이 될 수 있다.,"471화 232,103~232,229행",2026년 8월 5일,준비,Yes,"정보 제공자 A, 익명 집회 참가자들",초기 잘못된 확신 / 상반된 판정,Yes,"오해, 핵심",발화자는 강하게 확신하지만 출처와 객관적 사실 여부가 불명확함,높음
검증 비용을 내겠다는 피조사자도 신분 규칙 때문에 요청권을 거부당하는 장면,REF-46,검증 기술이 존재해도 요청권이 신분에 묶이면 약자는 비용을 내고도 접근하지 못한다.,"37화 17,521~17,537행",2026년 8월 5일,준비,Yes,"피조사자 A, 조사 기관 B",저등급 검증 실패 / 공개 검증 강제,Yes,"선행, 핵심",피조사자가 비용을 부담할 의사가 있지만 신분 등급이 낮음,높음
묵비권과 부분 진실을 예상해 증인·법률 조력자를 추가하는 장면,REF-46,검증 장치가 있어도 불리한 질문을 피할 수 있으므로 증거원과 절차를 늘린다.,"467화 230,255~230,293행",2026년 8월 5일,준비,Yes,"분쟁 당사자 A, 조사자 B, 증인과 법률 조력자",공개 교차 검증 / 거절 사유 검증,Yes,"핵심, 후속",증언자가 불리한 질문에 침묵하고 유리한 진실만 말할 수 있음,중간
약한 검증이 실패하자 더 강한 검증 대신 자백 압박과 형 집행으로 전환하는 장면,REF-46,기관은 정확도를 높이는 비용보다 사건을 빨리 닫는 편을 택해 검증 실패를 피조사자 책임으로 전환한다.,"38화 17,665~17,731행",2026년 8월 5일,준비,Yes,"피조사자 A, 조사관 B, 저등급 검증자 C",요청권 거부 / 공개 상황 조성,Yes,"실패, 핵심",초기 검증은 실패했고 고급 검증 비용이 큼,높음
기관이 입막음할 수 없는 공개 상황을 만들고 당사자·전문가를 한자리에 요구하는 장면,REF-46,내부 절차가 막히자 공개 비용을 높여 검증 요청권을 사실상 강제로 확보한다.,"38~39화 17,769~18,405행",2026년 8월 5일,준비,Yes,"피조사자 A, 조사 기관 B, 군중과 전문가들",형 집행 결정 / 공개 교차 검증,Yes,"핵심, 후속",기관이 사건을 내부 종결하려 하고 피조사자는 정식 요청권이 없음,높음
상반된 확신이 모두 참 판정을 받을 수 있고 최소 발화 뒤 턴을 끝내는 장면,REF-46,장치보다 누적 행동 기록과 집단 평판이 실제 수용을 결정하며 발화자는 추가 질문을 무시할 수 있다.,"472화 232,343~232,491행",2026년 8월 5일,준비,Yes,"주장자 A, 반대자 B, 집회 참가자들",잘못된 확신 / 질문 선택 규칙,Yes,"대비, 오해, 핵심",상반된 주장을 말하는 양쪽 모두 자기 확신에 따라 참 판정을 받을 수 있음,높음
참 판정을 받은 최소 문장이 정보량 부족 이의를 받고 추가 발화가 협상되는 장면,REF-46,문장 진위와 거래 가치가 분리되며 참가자들은 충분한 정보인지 별도로 판정한다.,"125화 60,519~60,573행",2026년 8월 5일,준비,Yes,"발화자 A, 이의 제기자 B, 집회 참가자들",사적 질문 거절 / 잘못된 확신 통과,Yes,"대비, 핵심",발화는 참이지만 거래 가치가 부족함,높음
발언 출처와 소문 진위를 분리하고 추가 근거의 가격을 협상하는 장면,REF-46,누가 그런 말을 했는지와 그 말이 사실인지를 분리한 뒤 더 깊은 근거는 별도 거래로 전환한다.,"92화 44,993~45,013행",2026년 8월 5일,준비,Yes,"정보 구매자 A, 판매자 B, 발언자 C",닻 질문 / 목적·조건·대응 설명,Yes,"대비, 핵심",출처 발언과 객관적 진위가 혼동되며 근거 정보의 가치가 더 높음,높음
심문자가 언어 이해를 숨기고 질문 없이 압박해 침묵·고통 반응의 기준을 만드는 장면,REF-46,핵심 질문 전에 반응 차이와 한계점을 관찰하지만 강압은 답변의 신뢰를 올리는 것이 아니라 대답 행동을 만들 뿐이다.,"481화 237,033~237,083행",2026년 8월 5일,준비,Yes,"심문자 A, 포로 B와 C",사소한 질문 단계 / 강압 신뢰 비용,Yes,"실패, 핵심",포로의 거짓말·침묵 기준을 모르며 심문자는 언어 이해를 숨길 수 있음,높음
조직 목적·실행 조건·소문 유포·다른 기관의 대응을 연결해 행동 가능한 설명을 만드는 장면,REF-46,한 문장의 소문을 여러 조직의 목적과 예상 행동이 맞물리는 인과 구조로 바꿔 임시 행동 기준을 만든다.,"92~93화 45,013~45,043행",2026년 8월 5일,준비,Yes,"정보 구매자 A, 판매자 B, 조직 C, 대응 기관 D",출처·진위 분리 / 후속 공개 기록 확인,Yes,"핵심, 후속",소문 진위를 판단하려면 유포 주체의 목적과 다른 기관의 예상 대응이 필요함,높음
사소한 개인 질문으로 대답 행동을 만든 뒤 핵심 정체 질문까지 수위를 올리는 장면,REF-46,답변 중 고통이 멈추는 패턴과 사소한 사실의 반응 기준을 만든 뒤 핵심 질문으로 이동한다.,"481~482화 237,085~237,121행",2026년 8월 5일,준비,Yes,"심문자 A, 포로 B",무질문 압박 / 핵심 조직 정보,Yes,"핵심, 후속",포로가 한계에 도달했지만 처음부터 핵심 질문을 하면 답변 기준을 비교하기 어려움,높음
직접 소문 대신 이미 아는 인물을 닻으로 묻고 판매자의 자발적 연결을 확인하는 장면,REF-46,검증 불가능한 주장보다 실재와 행동을 아는 인물을 먼저 물어 판매자가 스스로 소문과 연결하는지 본다.,"92화 44,957~44,995행",2026년 8월 5일,준비,Yes,"정보 구매자 A, 판매자 B, 알려진 인물 C",정보 채널 제한 / 출처와 진위 분리,Yes,핵심,직접 소문은 검증하기 어렵지만 관련 인물의 실재와 최근 행동은 알고 있음,높음
정보 판매를 수익원이 아니라 검증 가능한 정보 획득 채널로 제한하는 장면,REF-46,정보 자산을 더 팔아 수익을 늘리는 대신 정체와 장기 정보 우위를 지키기 위해 구매 채널로만 사용한다.,"92화 44,921~44,943행",2026년 8월 5일,준비,Yes,"정보 구매자 A, 정보 시장 이용자들",닻 질문 / 설명 구조 검증,Yes,"대비, 선행",판매 수익은 크지만 정체와 정보 자산 노출 위험이 있음,높음
누적 전사자 수를 반영해 각 조의 생존 인원을 다시 균형 배치하는 장면,REF-46,사망 총계가 다음 조직도의 실제 숫자로 들어간다.,"560화 273,405~273,425행",2026년 8월 5일,준비,Yes,"지휘관 A, 전투 집단 B",재편 예고 / 지휘 구조 개편,Yes,"대비, 후속",연속 전투로 조별 생존 인원 차이가 커짐,낮음
전투 중 이름·조·소속을 붙여 실시간 전사 보고를 이어가는 장면,REF-46,개별 죽음이 애도와 동시에 전열의 빈자리로 기록된다.,"558화 272,540~272,570행",2026년 8월 5일,준비,Yes,"전투 집단, 전사자 A와 B, 보고자 C",임무 속행 / 중심 수호자 이탈,Yes,핵심,전투 중 사망자가 계속 발생하며 배치 갱신이 필요함,중간
총 사망과 생존 수 뒤에 직군 분포를 보고해 근접 전사 둘만 남았음을 확인하는 장면,REF-46,절반 생존이라는 숫자를 직군별로 다시 나눠 기능적 붕괴를 드러낸다.,"68화 32,635~32,675행",2026년 8월 5일,준비,Yes,"부지휘자 A, 부관 B, 생존자 집단",지원 붕괴 / 수호자 공백,Yes,핵심,생존자는 남았지만 직군별 손실이 불균형함,중간
법적 승계와 실제 지휘 가능성의 충돌을 공개 투표로 풀고 보좌권을 재임명하는 장면,REF-46,직위 규칙과 행동 신뢰가 충돌할 때 공개 절차와 첫 명령으로 지휘권·보좌권을 고정한다.,"605화 292,800~293,015행",2026년 8월 5일,준비,Yes,"후보 A, 법적 승계자 B, 전 대원 집단",지휘 공백 / 직업별 책임 구조,Yes,핵심,법적 승계권과 실제 명령 신뢰가 서로 다른 인물에게 있음,높음
생존자 총수보다 전문 방어 역할의 부재를 핵심 공백으로 판정하는 장면,REF-46,근접 인원이 남아도 길을 열고 전열을 유지할 전문 방어자가 없으면 집단 생존 가능성이 급감한다.,"68화 32,713~32,735행",2026년 8월 5일,준비,Yes,"부지휘자 A, 생존자 집단",직군 분포 / 후보 투자,Yes,핵심,근접 인원은 있으나 전문 방어 역할을 수행할 사람이 없음,중간
모든 실패 책임을 지휘관에게 귀속한 뒤 혼합 조를 직업별 책임 구조로 재편하는 장면,REF-46,최종 책임과 기능별 명령 귀속점을 동시에 만들어 손실·실패가 어디에서 정산되는지 명확히 한다.,"606화 293,230~293,330행",2026년 8월 5일,준비,Yes,"새 지휘관 A, 직업별 책임자들 B, 하위 파트장들 C",승계 투표 / 후속 탐사 명령 체계,Yes,"핵심, 후속",기존 혼합 조는 전력 균형은 있으나 기능별 책임 귀속이 흐림,높음
대규모 손실 뒤 조장에게 생존자 돌봄을 맡기고 인원 재편을 예고하는 장면,REF-46,손실 보고가 휴식·돌봄 책임·다음 편제 변경으로 즉시 이어진다.,"559화 273,125~273,145행",2026년 8월 5일,준비,Yes,"지휘관 A, 조장들 B, 생존자 집단",손실 총계 / 조별 균형 재배치,Yes,후속,대규모 전사·부상 뒤 기존 조 편제를 유지할 수 없음,중간
전사 보고가 누적되는 가운데 중심 방어자가 기절해 전열 공백이 발생하는 장면,REF-46,중심 방어 역할의 이탈을 추가 손실과 연결할 수 있도록 시간과 전사 보고를 함께 남긴다.,"558~559화 272,675~272,865행",2026년 8월 5일,준비,Yes,"중심 방어자 A, 후방 집단 B, 지휘관 C",실시간 보고 / 3분간 대량 사망,Yes,"선행, 핵심",후방 보호선이 한 명의 중심 방어자에게 크게 의존함,높음
최고 지휘자 사망 직후 조사 권한을 위임하고 수뇌부 회의를 소집하는 장면,REF-46,정식 승계 전에 현장 조사와 의사결정 기능부터 임시 복구한다.,"604화 292,535~292,665행",2026년 8월 5일,준비,Yes,"현장 지도자 A, 사망한 지휘관 B, 조사 전문가 C, 부지휘자 D",조별 재편 / 승계 투표,Yes,"선행, 핵심",최고 지휘자가 사망하고 조사와 귀환 판단이 동시에 필요함,중간
희귀 자원 투자에 소속 편입 조건을 붙였다가 생존 책임 때문에 철회하는 장면,REF-46,조직 편입권보다 다수 생존이 우선돼 조건을 얻지 못해도 역할 거래를 유지한다.,"69화 32,921~32,967행",2026년 8월 5일,준비,Yes,"외부 후보 A, 자원 보유자 B, 조직 생존자들",후보 검증 / 전위 재구성,Yes,"대비, 후속",자원 보유자가 소속 편입을 요구하지만 양측 모두 생존을 위해 거래가 필요함,높음
기존 사망에도 임무를 속행하고 지휘관이 모든 결과 책임을 인수하는 장면,REF-46,책임 선언이 반드시 보호 윤리가 아니라 임무 지속의 정당화로도 작동한다.,"556~557화 271,700~272,025행",2026년 8월 5일,준비,Yes,"지휘관 A, 수뇌부 B, 현장 전문가 C",실시간 전사 보고 / 전투 후 손실 총계,Yes,"대비, 실패",이미 사망자가 발생했고 다음 전투의 위험도 높지만 중단권이 지휘관에게 있음,높음
중심 방어자 부재 3분과 대량 사망을 연결하고 부상·전사 총계를 분리 보고하는 장면,REF-46,전투 승리보다 특정 기능이 사라진 시간 동안 손실이 얼마나 폭증했는지를 다음 배치 입력값으로 만든다.,"559화 272,905~273,053행",2026년 8월 5일,준비,Yes,"중심 방어자 A, 지휘관 B, 전투 집단",방어자 기절 / 인원 재편 예고,Yes,핵심,역할 이탈 시간과 사망 수를 비교할 수 있음,중간
장기 전투보다 지원 붕괴 뒤 짧은 시간 손실이 더 컸다고 비교하는 장면,REF-46,총 손실만이 아니라 어느 사건 뒤 손실 속도가 급증했는지 비교해 보호 계약과 지원선 붕괴를 원인으로 잡는다.,"67화 32,370~32,420행",2026년 8월 5일,준비,Yes,"대형 조직 A, 보호 대상 집단 B",총 사망·직군 분포 / 역할 공백,Yes,"대비, 선행",대형 전투 중 보호 대상의 폭동으로 지원선과 계약 관계가 무너짐,높음
역할 공백을 채울 후보의 능력을 검증하고 희귀 자원을 한 명에게 집중하는 장면,REF-46,보상 보존보다 집단 생존을 위해 핵심 역할 후보에게 희귀 자원과 지원을 집중한다.,"68~69화 32,755~32,923행",2026년 8월 5일,준비,Yes,"외부 후보 A, 부지휘자 B, 조직 생존자들",수호자 공백 / 소속 조건 철회,Yes,핵심,핵심 역할이 비었고 외부 후보가 능력과 지식을 제시함,높음
경로 역추적이 분기 폭증으로 비효율적임을 확인하고 전체 지도 제작으로 전환하는 장면,REF-46,직접 목표를 쫓는 방법이 탐색 공간을 폭발시키면 전체 공간 모델을 먼저 만든다.,"617화 297,940~298,027행",2026년 8월 5일,준비,Yes,"탐사자 A, 구조 집단 B",최소 병력 / 지도 100% 실패,Yes,핵심,목표 경로가 수백 갈래로 분기됨,중간
한 명씩 구조해 최소 병력을 확보한 뒤 현장 대기·주변 조사·본격 수색을 분업하는 장면,REF-46,구조 인원이 늘어날수록 할 수 있는 행동이 대기에서 조사와 수색으로 확장된다.,"616~617화 297,760~297,931행",2026년 8월 5일,준비,Yes,"구조자 A, 현장 책임자 B, 구조된 동료들",현장 대기 / 지도 제작,Yes,"핵심, 후속",구조자는 소수이고 남은 인원 위치를 모름,높음
공용 지도와 정지된 경로로 숨은 대기실을 찾아 구조하고 변환 후유증을 확인하는 장면,REF-46,구조 성공 뒤에도 일부 능력 이상을 기록해 성공을 새 조사 과제로 연결한다.,"620화 299,095~299,145행",2026년 8월 5일,준비,Yes,"탐사자 A, 구조 집단 B, 실종 동료들",공용 지도 배포 / 후유증 조사,Yes,"핵심, 후속",관제권과 공용 지도를 확보했지만 목표 공간이 숨겨져 있음,높음
별도 관찰자의 출구·벽 홈·열리지 않는 문과 과거 카드를 결합하는 장면,REF-46,독립 수색에서 나온 불완전한 단서들이 합쳐져 시험 가능한 열쇠 가설이 된다.,"617화 298,150~298,221행",2026년 8월 5일,준비,Yes,"탐사자 A, 별도 관찰자 B, 미확인 카드",숨은 공간 가설 / 관제실 발견,Yes,핵심,서로 다른 위치에서 홈·카드·비밀문을 발견했지만 용도를 모름,높음
정신 지배 상태의 동료 한 명을 구출해 사고 구조와 각성 조건을 처음 확인하는 장면,REF-46,전원 구조보다 최초 생존자·증언·각성 방법을 확보해 다음 행동 가능성을 만든다.,"616화 297,400~297,559행",2026년 8월 5일,준비,Yes,"구조자 A, 동료 B, 자동 운반·변환 장치",탐사 과잉 / 레일 파괴 실패,Yes,핵심,동료들이 정신 지배 상태로 한 명씩 위험 장치에 이송됨,높음
관제 장치를 먼 화면부터 시험해 기능을 매핑하고 전 경로 정지·직접 수색을 선택하는 장면,REF-46,실험 위험을 제한하며 기능을 하나씩 확인하고 희생자를 미끼로 쓰는 빠른 방법을 거부한다.,"618화 298,331~298,403행",2026년 8월 5일,준비,Yes,"관제자 A와 B, 생존자 집단",관제실 발견 / 공용 지도 배포,Yes,핵심,장치 기능을 모르며 오조작이 동료에게 치명적일 수 있음,높음
보상 획득과 별개로 공략 실패를 선언하고 놓친 징후·자원 배분을 복기하는 장면,REF-46,결과 일부가 유리해도 정석 목표와 동료 보존 실패를 인정하고 다음 진입에서 확인할 조건을 남긴다.,"604화 292,327~292,505행",2026년 8월 5일,준비,Yes,"공략자 A, 오염된 동료 B, 지원자들",심해 탐사 한계 / 탐사 과잉 반례,Yes,"선행, 핵심",특수 보상은 얻었지만 동료 역할과 정석 공략이 붕괴함,높음
운반 장치 파괴가 자동 수리로 무력화되자 수리 시간 관측과 현장 대기 구조로 바꾸는 장면,REF-46,반복 파괴 대신 시스템 복구 속도를 관측하고 흘러오는 희생자를 안전하게 회수하는 계획으로 전환한다.,"616화 297,600~297,755행",2026년 8월 5일,준비,Yes,"구조자 A, 동료 B, 자동 수리 시스템",첫 구조 / 최소 병력 확보,Yes,"대비, 핵심",위험 운반 장치를 부숴도 자동 수리됨,높음
상공 실패 뒤 높이·환경·복수 목격·흐릿한 기록을 추가하고 자율 조사권을 주는 장면,REF-46,첫 실패에 새 관측 항목과 증거원을 더해 존재 가설을 강화하고 실험 권한을 현장 전문가에게 넘긴다.,"608~609화 294,509~294,619행",2026년 8월 5일,준비,Yes,"지휘자 A, 조사 책임자 B, 조사대 C",심해 한계 / 기록 장치 파손,Yes,핵심,도달은 실패했지만 단일 목격 증언이 남음,높음
심해 탐사에서 도달 한계만 확인하고 같은 방식의 재시도를 중단하는 장면,REF-46,도달하지 못한 사실을 실패로 기록하되 새 수단 없이 같은 잠수를 반복하지 않는다.,"608화 294,430~294,487행",2026년 8월 5일,준비,Yes,"지휘자 A, 잠수 조사대 B",실패 복기 / 상공 탐사,Yes,핵심,현재 산소·잠수 능력으로 도달 한계만 확인 가능함,중간
대기 약속을 무시한 탐사자가 위험 장치를 건드려 장기간 의식을 잃는 과잉 탐사 반례,REF-46,새 공간 발견이 곧 진척은 아니며 안전 약속을 깨면 조직의 구조·지휘 능력을 잃을 수 있다.,"614화 296,555~296,880행",2026년 8월 5일,준비,Yes,"탐사자 A, 대기 동료 B, 미확인 장치",실패 인정 / 첫 동료 구조,Yes,"대비, 실패",위험 평가 없이 숨은 공간과 장치를 더 탐색함,높음
지도 100% 완성에도 목표가 없자 지도 전제를 폐기하고 숨은 공간 가설로 전환하는 장면,REF-46,완성 지도의 실패를 목표 부재가 아니라 지도에 잡히지 않는 층이 있다는 증거로 바꾼다.,"617화 297,995~298,039행",2026년 8월 5일,준비,Yes,"탐사자 A, 기억 보조자 B",지도 제작 / 별도 관찰 단서,Yes,"핵심, 후속",가시 공간은 모두 지도화했지만 목표를 찾지 못함,중간
이음새·홈·카드를 결합해 관제실을 발견하고 문 없는 목표 공간 구조를 확인하는 장면,REF-46,지도 밖 공간이 운영 시스템 안의 숨은 목적지라는 사실을 직접 확인한다.,"617~618화 298,225~298,327행",2026년 8월 5일,준비,Yes,"탐사자 A, 관찰자 B, 실종 동료들",별도 관찰 단서 / 관제 기능 매핑,Yes,"핵심, 후속",완성 지도에도 없는 목표와 비밀문 단서가 있음,높음
상공·심해 기록 장치가 충격과 수압으로 파손돼 차세대 장비 요구 사양으로 바뀌는 장면,REF-46,장비 파손 원인을 환경별로 분리해 다음 제작물이 견뎌야 할 조건을 남긴다.,"609~610화 294,703~294,765행",2026년 8월 5일,준비,Yes,"조사 책임자 A, 실험자 집단 B",복수 목격 / 후속 장비 개발,Yes,"핵심, 후속",사람이 직접 접근하기 어려워 기록 장치에 관측을 맡김,높음
정식 공동체 분배 협상에서 생활 책임·현재 전력·특수 노동을 직접 가격화하는 장면,REF-46,친밀감이 아니라 대체 불가능한 역할과 생계 책임이 몫을 주장하는 언어가 된다.,"159화 76,675~76,717행",2026년 8월 5일,준비,Yes,"리더 A, 전문직 B, 길잡이 C, 성장 중 구성원들",재협상 조건 / 최종 계약,Yes,"선행, 핵심",전투력·생활 책임·희소 노동의 가치가 구성원마다 다름,중간
공동 자산의 절반값 제안을 거부하고 약속된 불균등 비율로 부족분을 실제 정산하는 장면,REF-46,계약의 공정성과 별개로 명시된 비율은 종료 뒤 정산에서 실제 강제력을 가진다.,"17화 7,721~7,747행",2026년 8월 5일,준비,Yes,"계약자 A, 계약자 B, 가족 C",임시 계약 / 선제 정산,Yes,"핵심, 후속",가족이 공동 자산의 절반만 지급하려 하지만 기존 계약은 다른 비율임,중간
사망 후 미정산 공동 자산은 생전 규칙대로 나누고 개인 유산은 별도 안건으로 여는 장면,REF-46,생전 노동 계약과 사후 소유권 이전을 같은 분배로 처리하지 않는다.,"312화 154,289~154,365행",2026년 8월 5일,준비,Yes,"부재한 리더 A, 생존 동료들 B",성장 후 균등 분배 / 유산 균등,Yes,"대비, 선행",리더 부재 뒤 마지막 공동 수익과 개인 재산을 각각 정산해야 함,중간
생존 위기와 정보 격차 속에서 종료 시점이 있는 9:1 임시 동료 계약을 맺는 장면,REF-46,"보호·정보·전투력 우위가 극단적 비율을 만들고, 약자의 선택지가 좁아 합의의 자유가 제한된다.","10화 4,143~4,197행",2026년 8월 5일,준비,Yes,"보호자 A, 추격당하는 신입 B",약속 비율 집행 / 미래 균등 계약,Yes,"선행, 핵심",신입은 추격·부상 상태이고 보호자는 정보와 전투력을 제공함,높음
당사자가 남은 자산까지 약속 비율로 선제 정산하고 구조 은혜를 별도 안건으로 남기는 장면,REF-46,경제 계약과 도덕적 보답을 같은 빚으로 합치지 않는다.,"17화 7,819~7,845행",2026년 8월 5일,준비,Yes,계약자 A와 B,비율 집행 / 은혜 보답 협상,Yes,후속,임시 파티가 끝났고 여러 자산과 구조 은혜가 남음,중간
다른 조직이 고정 등급과 내부 쟁탈로 원정 몫을 결정하는 대비 장면,REF-46,개인의 실제 역할 변화보다 조직 등급과 강제 경쟁이 분배권을 결정한다.,"312화 154,481~154,525행",2026년 8월 5일,준비,Yes,"조직장 A, 신규 구성원 B와 C",유산 균등 / 무배당 노동,Yes,대비,조직이 등급별 몫을 고정하고 승급을 내부 경쟁으로만 허용함,높음
일반 자산 비율과 특정 직업의 특수 획득 가산을 분리해 공동체 계약을 확정하는 장면,REF-46,모든 전리품에 한 비율을 쓰지 않고 일반 기여와 희소 노동의 결과물을 별도 계약으로 나눈다.,"159화 76,765~76,805행",2026년 8월 5일,준비,Yes,다섯 구성원과 리더,재협상 조건 / 내부 매입 부담,Yes,"핵심, 후속",일반 전투 기여와 특정 전문직만 가능한 채취·보존 노동이 다름,중간
일반 몫을 받아도 고가 성장 자산 내부 매입 때문에 개인 채무가 늘어나는 장면,REF-46,숫자상 분배율과 선택한 성장 자산 때문에 생기는 실제 순자산을 분리한다.,"173화 83,337~83,383행",2026년 8월 5일,준비,Yes,"성장 자산 흡수자 A, 파티 구성원들",특수 노동 계약 / 성장 후 인상,Yes,"대비, 실패",공동 고가 자산을 한 구성원이 직접 사용해 내부 매입 비용을 부담함,중간
한 사람 몫을 하는 노동자가 정산권 없이 일하고 가족 보호를 대가로 삼는 무배당 반례,REF-46,성장해도 재협상 창구가 없으면 노동 가치는 자기 몫이 아니라 가족 보호용 비공식 담보로 소모된다.,"313화 155,015~155,099행",2026년 8월 5일,준비,Yes,"노동자 A, 가족 B, 조직 팀장 C",고정 등급 분배 / 성장 후 인상 대비,Yes,"대비, 실패",실제 한 사람 몫을 하지만 노동 신분 때문에 정산 청구권이 없음,높음
유산을 다섯 동료에게 같은 비율로 지정해 친밀도 우대보다 공동체 잔존을 선택하는 장면,REF-46,차등 친밀 관계가 있어도 사후 서운함과 파티 해체를 막기 위해 동일 비율을 남긴다.,"312화 154,363~154,405행",2026년 8월 5일,준비,Yes,"사망한 리더 A, 다섯 동료 B",생전 공동 자산 정산 / 고정 등급 대비,Yes,"핵심, 후속",동료별 친밀도와 생활 관계가 달라 차등 유산이 예상됨,중간
높은 몫 요구를 현재 팀 수준과 비교하고 성장 뒤 재협상 조건으로 바꾸는 장면,REF-46,현재 기여 차이를 인정하되 최초 비율을 신분처럼 고정하지 않고 역할 변화 시 다시 연다.,"159화 76,717~76,765행",2026년 8월 5일,준비,Yes,"리더 A, 전문직 B, 성장 중 구성원 C와 D",노동 가격화 / 성장 후 인상,Yes,핵심,현재 기여는 불균등하지만 약한 구성원의 성장 가능성이 높음,중간
임시 계약 종료 뒤 후속 도움 약속과 장기 균등 계약을 분리해 제안하는 장면,REF-46,현재 빚을 이용한 도움 약속과 이후 장기 동료 관계를 같은 강제 계약으로 묶지 않는다.,"17화 7,661~7,697행",2026년 8월 5일,준비,Yes,"제안자 A, 신입 B, 가족 C",9:1 임시 계약 / 실제 정산,Yes,"대비, 핵심",임시 동행은 끝났고 공동 자산·후속 도움·장기 관계를 따로 정해야 함,높음
미래 공동 목표에 필요한 장비를 개인 물품에서 제외해 공용으로 지정하는 장면,REF-46,공용 지정에는 막연한 명분이 아니라 구체적 미래 사용 상황을 제시한다.,"202화 99,639~99,653행",2026년 8월 5일,준비,Yes,"리더 A, 정산자 B, 공동체",개인 매입 / 군자금·공용 소재,Yes,"대비, 핵심",개인 사용 가치와 미래 공동 사용 가치가 충돌함,중간
노출 위험이 큰 장비를 재가공 소재로 바꾸고 최종 제작 대상은 공동 판단으로 남기는 장면,REF-46,처분 실무와 최종 사용 결정권을 분리한다.,"447화 220,843~220,857행",2026년 8월 5일,준비,Yes,"지휘자 A, 원정대 B",군자금 위임 / 개인 욕망 보류,Yes,핵심,자산을 그대로 팔기 어렵지만 소재 가치는 높음,높음
개인이 사용할 장비를 내부 가격으로 공동체에서 매입하는 장면,REF-46,물건 점유와 완전한 사유권을 분리하고 개인화 비용을 공동체에 돌려준다.,"202화 99,613~99,631행",2026년 8월 5일,준비,Yes,"구성원 A, 정산자 B, 공동체",용도별 정산 / 희귀 자산 채무,Yes,핵심,공동 자산을 한 사람이 독점 사용하려 함,중간
희귀 보상 출현 뒤 마지막 타격과 선행 작업을 근거로 두 집단이 소유권을 다투는 장면,REF-46,희귀성이 높아지면 관례는 무력·평판·법적 비용의 경쟁으로 흔들린다.,"167화 80,557~80,729행",2026년 8월 5일,준비,Yes,"집단 A, 집단 B, 리더들",관례·위원회 협상 / 내부 처분 논의,Yes,"선행, 핵심",두 집단이 같은 획득 과정에 관여했고 관례가 법처럼 강제되지 않음,높음
리더가 원하는 제작물을 보류하고 공동체가 납득할 사용 이유를 요구하는 장면,REF-46,공용 자산의 개인화는 리더 욕망보다 집단적 정당화를 먼저 요구한다.,"447화 220,853~220,859행",2026년 8월 5일,준비,Yes,"지휘자 A, 원정대 B",재가공 소재 / 후속 공동 결정,Yes,후속,리더가 처분권과 개인 사용 욕망을 동시에 가짐,중간
처분권 집중에 이의가 없어 신뢰와 감시 부재 위험이 함께 드러나는 장면,REF-46,권한 위임은 신뢰를 보여 주지만 정기 보고·감시·거부 절차가 없으면 오용 위험이 남는다.,"447화 220,835~220,841행",2026년 8월 5일,준비,Yes,"지휘자 A, 원정대 B",군자금 위임 / 미확인 통제 절차,Yes,"대비, 미해결",조직이 한 사람에게 처분권을 집중함,낮음
관례·공식 분쟁 절차·평판 비용을 비교해 외부 소유권 충돌을 정리하는 장면,REF-46,법적 승패보다 업계 평판과 장기 거래 비용이 포기 결정을 만든다.,"167화 80,769~80,857행",2026년 8월 5일,준비,Yes,"전문가 A와 B, 두 집단",무력 충돌 직전 / 내부 판매 결정,Yes,핵심,관례 위반이 법적 패배를 자동 보장하지 않음,높음
원정 전리품 처분 실무를 지휘자에게 맡겨 군자금으로 전환하는 장면,REF-46,조직 규모가 커지면 현금화 실무와 처분권이 한 사람에게 위임된다.,"447화 220,825~220,841행",2026년 8월 5일,준비,Yes,"지휘자 A, 원정대 B",권한 집중 위험 / 희귀 소재 공동 결정,Yes,핵심,대량 전리품의 즉시 판매가 위험하고 조직 운영 자금이 필요함,중간
리더도 고가 공동 자산을 개인화하며 비용을 지급하고 부족분을 동료에게 빌리는 장면,REF-46,리더의 사용권도 무료 특권이 아니라 공동체 보상과 개인 채무를 남긴다.,"202화 99,657~99,729행",2026년 8월 5일,준비,Yes,"리더 A, 정산자 B, 동료들",개인 장비 매입 / 내부 매입 채무,Yes,"대비, 실패",리더가 고가 자산을 개인화하지만 현금이 부족함,중간
공동체 소유 확정 뒤 판매와 개인 사용을 논의하고 개인화에 공동체 보상을 붙이는 장면,REF-46,소유권 확정과 실제 사용권 배분을 별도 회의로 처리한다.,"167화 80,885~80,915행",2026년 8월 5일,준비,Yes,"리더 A, 구성원 B, 공동체",외부 분쟁 해결 / 개인 장비 내부 매입,Yes,"핵심, 후속",공동 소유는 확정됐지만 판매와 개인 사용 중 선택해야 함,중간
정산 서류에서 균등 현금·특수 노동 가산·공용 소모품을 분리하는 장면,REF-46,공동 획득물마다 현금화·특수 노동·미래 사용 가치를 다른 줄로 기록한다.,"202화 99,565~99,601행",2026년 8월 5일,준비,Yes,"정산자 A, 공동체 구성원들",개인 장비 내부 매입 / 공용 장비 지정,Yes,핵심,자산마다 용도와 생산 노동이 다름,중간
검토 대기 · 20260805 배치 · 익명 원문 장면 인입 색인,REF-01 · REF-02 · REF-03,03-A 개별 원천 장면 검토 후 익명화,packets source_material / 134개 공통 job_id,,검토 필요,Yes,주인공·동료 A·조직 A 등 역할명만 사용,03-A 원천 장면 인입 색인,No,"대비, 미해결, 실패, 오해, 이탈, 핵심",원천 장면의 실제 위치·인물·전후 맥락 확인 후 생성,높음