REF 코드,감사 메모,구간 공백,근거 스레드,기능 공백,다음 자유 질문,독해 상태,비정사,원천 경계,원천 레지스트리,확인 원문 창,확인된 기능
REF-17,로컬 검증 장부 표본만 존재. V3.1 증거 스레드 미이관,95 이외 전 범위와 앞뒤 누적,,"전작 엔진, 인물별 목소리 전사, 관계 변화, 사건 결과, 지문·리듬, 실패 반례",실무 질문은 조직 판단을 전진시키면서 인물별 목소리를 어떻게 갈라 놓는가?,PARTIAL_READING,Yes,near-exact,REF-17 (https://app.notion.com/p/REF-17-aa2baa79eaae82219978817e8b64f3fb?pvs=21),95,실무 질문·대화가 설계 판단과 조직 의사결정으로 이어지는 표본
REF-18,"U0001-U0481의 source-explicit 저장본 경계를 확인하고 초·중·후반 의미 창을 직접 대조했다. 비정상적 인지와 도덕 해석의 간격, 감정 선언 없는 캐릭터 변화, 관계 권한, 대사 수용 격차, 호기심 사건 엔진을 확인했다. 최신 저장 경계는 작품 종결로 간주하지 않는다.","U0004-0049, U0051-0199, U0201-0299, U0301-0399, U0401-0480의 연속 독해가 남음. 주인공의 호기심과 타인 책임이 충돌하는 장기 결과, 주변 인물의 거절권과 독립 목표가 미확인.","TH-REF18-PRC-01 · 비정상적 인지가 장면의 도덕 해석을 지연한다 (https://app.notion.com/p/TH-REF18-PRC-01-c04baa79eaae822e8b6c01f42a08b7a5?pvs=21), TH-REF18-CHR-01 · 감정 선언 없이 약속·변호·꺼림칙함이 누적된다 (https://app.notion.com/p/TH-REF18-CHR-01-280baa79eaae838f893d015c8e7a3197?pvs=21), TH-REF18-REL-01 · 관계가 요청·응답·교환·가르침의 권한으로 자란다 (https://app.notion.com/p/TH-REF18-REL-01-5ddbaa79eaae82e69e760129c128c993?pvs=21), TH-REF18-DLG-01 · 해석 격차가 농담과 결정 변화를 동시에 만든다 (https://app.notion.com/p/TH-REF18-DLG-01-261baa79eaae8355aa3c0109570fcadc?pvs=21), TH-REF18-EVT-01 · 질문과 호기심이 사건을 열고 동시에 위험을 만든다 (https://app.notion.com/p/TH-REF18-EVT-01-57cbaa79eaae8296829781cd7af3795c?pvs=21)","관계 파열 뒤 담담한 말투의 기능 변화, 호기심 때문에 발생한 타인 비용의 장기 책임, 주변 인물 시점의 독립 사건 추진, 후기 재난 구간의 감각·윤리 균형, 반복 해석 격차 개그의 피로도.","주인공의 정확한 관찰과 늦은 의미화가 타인의 고통을 책임지는 선택으로 이어지는가, 아니면 주변 인물이 대신 윤리적 의미를 공급하는 구조로 굳는가?",PARTIAL_READING,Yes,exact,REF-18 (https://app.notion.com/p/REF-18-fdfbaa79eaae8298821381a24be26713?pvs=21),"U0001-0003, U0050, U0200, U0300, U0400, U0481","정확한 관찰과 지연된 도덕 의미화, 약속·변호·무기 회피로 누적되는 비균일 캐릭터 변화, 요청·응답·교환·가르침에 따른 관계 권한 확대, 발화 의도와 상대별 수용 의미의 장기 변주, 질문·호기심의 사건 추진력과 타인 비용 위험."
REF-01,기존 1~25 순차 독해·267 표본에 더해 2026-08-05 packets의 선택 구간을 원문 재대조했다. 기존 VERIFIED_THREAD 7개는 유지하고 신규 VERIFIED_SCENE 9개를 분리 등록했다. 원본 QA 묶음은 REVISE 감사 기록으로 전환했다.,"26~379 순차 독해는 여전히 미완료. 신규 확인 창은 block 252~284, 516~526, 582~592, 732~763의 선택 구간이며 연속 완독으로 간주하지 않는다.","TH-REF01-ENG-01 · 능력 이전에 증명되는 삶의 방식 (https://app.notion.com/p/TH-REF01-ENG-01-a14baa79eaae82e2adb0819716d9982a?pvs=21), TH-REF01-EVT-01 · 성취가 문제의 종류를 바꾸는 엔진 (https://app.notion.com/p/TH-REF01-EVT-01-70bbaa79eaae832e86f9815ed2479cec?pvs=21), TH-REF01-REL-01 · 신뢰를 호감이 아니라 정보 범위로 쓰기 (https://app.notion.com/p/TH-REF01-REL-01-05cbaa79eaae8258a26301b9727edff6?pvs=21), TH-REF01-WLD-01 · 가격·계약·시간이 세계를 생활로 만드는 방식 (https://app.notion.com/p/TH-REF01-WLD-01-74ebaa79eaae82f99f01815e90d5b5e7?pvs=21), TH-REF01-EXP-01 · 겉말과 속계산을 행동·공간으로 분리하기 (https://app.notion.com/p/TH-REF01-EXP-01-d17baa79eaae83389a19813fbb848e50?pvs=21), TH-REF01-CHR-01 · 자유를 지키는 인물의 강제 계약 모순 (https://app.notion.com/p/TH-REF01-CHR-01-915baa79eaae82afac1c0104fe926285?pvs=21), TH-REF01-RES-01 · 살해 잔여가 보상 리듬에 눌리는 반례 (https://app.notion.com/p/TH-REF01-RES-01-353baa79eaae82938f4701e6c29b5235?pvs=21)","신규 TH의 먼 재등장·실패·장기 비용, 26~379의 전작 엔진·관계 변화·종결 상환",신규 VERIFIED_SCENE 9개가 중후반에서 반복·실패·역전되는가? 기존 ENG·WLD·EVT 스레드와 경계가 실제로 유지되는가?,PARTIAL_READING,Yes,exact,REF-01 (https://app.notion.com/p/REF-01-b1ebaa79eaae82449d4781d49d57197f?pvs=21),"1~25 순차 정밀 독해 · 267 표본 · 선택 block 252~284, 516~526, 582~592, 732~763","기존 7개 VERIFIED_THREAD + 신규 9개 VERIFIED_SCENE: 자원 보존, 보상 분열, 분신 분업, 이동 수련, 추격 충돌 설계, 목표 축소형 감각 복원, 제약 환경 측정, 유인 역이용, 잠재 보상 보존"
REF-22,원문 검색 가능. 의미 증거 스레드 없음,전 범위 의미 독해 미착수,,전작 엔진·사건·세계·인물·관계·대사 수용·지문·장기 누적 전부,작품이 독자에게 약속한 보상은 사건·인물·표현 중 어디에서 실제로 상환되는가?,INDEXED,Yes,exact,REF-22 (https://app.notion.com/p/REF-22-2a6baa79eaae83059a3581c4c99934b4?pvs=21),경계 색인만 완료,의미 단위 직접 독해 미착수
REF-03,2026-08-05 packets의 unit 1~5를 원문 재대조해 신규 VERIFIED_SCENE 3개를 등록했다. 미복원 인용 2건은 승격 근거에서 제외하고 원본 QA 묶음은 REVISE 기록으로 전환했다.,unit 1~5 외 중·후반과 종결부 순차 독해 미완료. 기존 96 표본과 이번 초기 구간의 장기 연결은 아직 미검증이다.,,"바람과 실제 세계의 장기 불일치, 다른 실패 유형의 조건 수정, 다른 세계의 지도화·우선순위 실패와 종결 상환",초기 세 VERIFIED_SCENE이 중후반 다른 세계에서 반복·변형·실패하는가? 안전 조건 수정이 새 비용을 누적시키는가?,PARTIAL_READING,Yes,exact,REF-03 (https://app.notion.com/p/REF-03-b61baa79eaae8295a565812d4f66d82d?pvs=21),unit 1~5 · 기존 96 표본,"VERIFIED_SCENE 3개: 바람이 보상과 위험을 함께 고정, 실패 비용의 다음 안전 조건화, 탐험의 지도·우선순위·생존 운영"
REF-04,"불변 SQLite 원문 인덱스의 exact 경계로 초기·중후반·후반을 직접 대조했다. 전작 연속 독해가 아니므로 FULL_WORK_VERIFIED로 올리지 않았고, 5개 근거 스레드를 V3.1에만 기록했다.",U0004~0039 · U0041~0440 · U0442~0845 · U0848~0861의 연속 변화와 작품 최종 종결. 마지막 확보 구간은 결말 검증이 아님.,"TH-REF04-ENG-01 · 반복은 정답이 아니라 선택 기준을 바꾼다 (https://app.notion.com/p/TH-REF04-ENG-01-fcdbaa79eaae826baf488136f0805e4c?pvs=21), TH-REF04-REL-01 · 추상 명제는 관계 행동으로 정산된다 (https://app.notion.com/p/TH-REF04-REL-01-c23baa79eaae822cb5140142f8937722?pvs=21), TH-REF04-EXP-01 · 우주적 개념을 몸과 사후 행동으로 내려놓는다 (https://app.notion.com/p/TH-REF04-EXP-01-7ccbaa79eaae8350943a811c36b1dcbc?pvs=21), TH-REF04-CHR-01 · 강함의 증가가 책임의 단위를 넓힌다 (https://app.notion.com/p/TH-REF04-CHR-01-806baa79eaae824897de0174cfe2fd0c?pvs=21), TH-REF04-RES-01 · 누적 밀도가 현재 장면을 가릴 수 있다 (https://app.notion.com/p/TH-REF04-RES-01-688baa79eaae821a8e2c0192f33b397f?pvs=21)","현재 생의 독립 욕망과 누적 의무의 충돌, 조연의 독립 판단 전사, 실패한 반복의 후속 비용, 관계별 파열·회복, 중간부 표현 밀도와 독자 재진입 장치","타인의 미완 욕망을 보존하는 책임이 현재 생의 욕망과 충돌할 때 누구의 선택권이 줄어들며, 작품은 그 손실을 어떤 행동으로 남기는가?",PARTIAL_READING,Yes,exact,REF-04 (https://app.notion.com/p/REF-04-2aebaa79eaae835d99c401be456a2237?pvs=21),U0001~0003 · U0040 · U0441 · U0846~0847 · U0862~0863,"도입의 무력감과 불완전 기억, 반복이 선택 기준을 바꾸는 장기선, 추상 명제의 관계 행동 정산, 개념의 신체·실용 체화, 책임 범위 확대, 누적 과밀 내부 반례"
REF-11,원천 경계 exact. 작품 전체 왕복 채굴로 스토리 표현 2축과 주요 인물 장기 구성 4축을 보강했다. 기존 익명 표현 장면 18건에 Macro 6건을 추가했다. 장면 표현 기반은 확보되었고 이번 집중 조사 범위는 완료했다. 공용 카드·작품 간 비교·MC는 변경하지 않았다.,"전 회차 순차 정밀 독해는 미완이다. 다만 이번 왕복 집중 범위인 보상→다음 문제, 정보 격차·공개 순서, 화말→다음 목표, 초·중·후반 회수 연쇄, 주요 인물 4명 장기 판단 변화는 완료했다.","TH-REF11-CHR-01 · 천재성은 해체·재조립·실전 검증의 연쇄로 증명된다 (https://app.notion.com/p/TH-REF11-CHR-01-3b0baa79eaae81eea317f29d3053f6db?pvs=21), TH-REF11-ENG-01 · 남은 수명은 선택의 시간 예산으로 작동한다 (https://app.notion.com/p/TH-REF11-ENG-01-3b0baa79eaae81d3a153f536eb18542f?pvs=21), TH-REF11-DLG-01 · 살해 비용의 불확실성을 지렛대로 전력 격차를 멈춘다 (https://app.notion.com/p/TH-REF11-DLG-01-3b0baa79eaae81cc8b2dcab0c3ccb638?pvs=21), TH-REF11-REL-01 · 전승은 원형 복제가 아니라 타인의 독립적 완성으로 증명된다 (https://app.notion.com/p/TH-REF11-REL-01-3b0baa79eaae81cab9b4f0d1ba5637fe?pvs=21), TH-REF11-REL-02 · 입문 구간은 인물별 판정 기준과 권한 차이로 조직을 실체화한다 (https://app.notion.com/p/TH-REF11-REL-02-3b0baa79eaae81798183f137cff283b3?pvs=21), TH-REF11-STR-01 · 서로 다른 권위자의 연속 인정이 보상과 상실을 함께 키운다 (https://app.notion.com/p/TH-REF11-STR-01-3b0baa79eaae81489c10f1d2699c51f2?pvs=21), TH-REF11-SCN-01 · 상대의 독문무공을 상위 형태로 되돌려 패배를 삶의 부정으로 바꾼다 (https://app.notion.com/p/TH-REF11-SCN-01-3b2baa79eaae81ddb335c0f88ecb9af5?pvs=21), TH-REF11-REP-01 · 실용적 자기보존 선택이 관찰자에게 협의로 번역된다 (https://app.notion.com/p/TH-REF11-REP-01-3b2baa79eaae81e79cb1d74a24d9b2dd?pvs=21)","후반 위험 물건의 최종 처분, 새 직책에서의 실패·과대평가 반례, 조직 공적 오판과 책임 귀속의 독립 연쇄는 근거 부족으로 보류한다.",REF-11 집중 조사 종료. 다음 작품으로 이동한다. 작품 간 비교와 공통 메커니즘 추출은 아직 수행하지 않는다.,WHOLE_WORK_READ,Yes,exact,REF-11 (https://app.notion.com/p/REF-11-671baa79eaae82ef9f05010481a07477?pvs=21),"전 작품 왕복 채굴 직접 확인: 1, 7~8, 50, 61, 97, 104, 151, 299, 445, 582, 670, 716, 724~725, 767, 776, 780, 812, 823~824화. 기존 1~35화 정밀 독해와 결합.","보상이 동료 손실 회복과 다음 목적지로 변환되는 방식, 독자 선행 정보가 제한 공유·관계 상처·조직 작전으로 확대되는 공개 순서, 감정 정산 대신 목적지·출정·역할 배치로 닫는 화말, 시한·고통·공정성·편애의 초중후반 회수, 주인공 및 주요 인물 4명의 판단 기준·예외·변화."
REF-23,로컬 검증 장부 표본만 존재. V3.1 증거 스레드 미이관,597 이외 전 범위와 규칙의 생성·후속 상환,,"전작 엔진, 규칙 형성·변형 전사, 인물·관계, 비용·반례, 표현 폭",조직의 규칙은 주인공이 없을 때도 어떻게 작동하며 그 비용은 누가 감당하는가?,PARTIAL_READING,Yes,exact,REF-23 (https://app.notion.com/p/REF-23-942baa79eaae82a5958e018350ba208f?pvs=21),597,조직 규칙이 주인공 부재에도 독립 반응과 파급을 만드는 표본
REF-02,2026-08-05 packets 선택 구간을 원문 재대조해 신규 VERIFIED_THREAD 1개와 VERIFIED_SCENE 6개를 등록했다. 기존 V3.1 TH는 없었으며 원본 QA 묶음은 REVISE 감사 기록으로 전환했다.,"전체 순차 독해는 미완료. 확인 범위는 unit 71~75, 114~123의 선택 구간이며 203~207 후보는 본문 불완전으로 미승격이다.",,"중·후반 전체 사건 엔진, 기술 재설계 실패, 비밀 충돌, 예정 정보 오차, 조직 관계의 장기 비용과 종결 상환",술식 구조 재설계 THREAD가 실패·출력 격차에서도 유지되는가? 나머지 여섯 SCENE이 먼 회차에서 반복·반례를 얻는가?,PARTIAL_READING,Yes,exact,REF-02 (https://app.notion.com/p/REF-02-242baa79eaae82f09f8a81cb120e78ad?pvs=21),"1 · 8 후반~9 초반 · 선택 unit 71~75, 114~123","VERIFIED_THREAD 1개: 술식 구조의 목적 단위 해체·재설계. VERIFIED_SCENE 6개: 인물 예외 추론, 사회적 평가, 기능적 비밀 신뢰, 예정 사건 선점 협상, 기능 보존형 장비 개조, 조직 역검증"
REF-25,초기·중기·후기 exact 창을 대조해 장면 유머를 대사 기술로만 분리하지 않고 후회→기초 선택→집단 권리→공식 승계의 장기선으로 재구성했다. 5개 근거 스레드를 V3.1에만 기록했고 전작 검증 상태는 올리지 않았다.,U0004~0299 · U0301~0599 · U0601~0730 · U0734~0899 · U0901~1183의 연속 변화와 작품 최종 결말. U1184는 마지막 확보 표본일 뿐 결말이 아님.,"TH-REF25-ENG-01 · 과거의 후회가 현재의 기초 선택으로 바뀐다 (https://app.notion.com/p/TH-REF25-ENG-01-11fbaa79eaae8361a470018a52b07771?pvs=21), TH-REF25-DLG-01 · 자의식과 현실의 어긋남이 인물형 유머를 만든다 (https://app.notion.com/p/TH-REF25-DLG-01-d2cbaa79eaae8345a317811df42b0365?pvs=21), TH-REF25-GRP-01 · 집단 결정은 이견과 책임을 보존한다 (https://app.notion.com/p/TH-REF25-GRP-01-9debaa79eaae82349e15015bb07a71dc?pvs=21), TH-REF25-REL-01 · 집단의 적대와 개인의 길을 분리해 판단한다 (https://app.notion.com/p/TH-REF25-REL-01-a24baa79eaae83d6aea4015dda0c6051?pvs=21), TH-REF25-ORG-01 · 한 사람의 방식이 집단의 판단 언어로 변형된다 (https://app.notion.com/p/TH-REF25-ORG-01-888baa79eaae839d818381549a35dfd8?pvs=21)","유머 뒤 상처·폭력의 잔여, 반대자의 장기 수정권, 후계자의 실패와 책임 집행, 주인공 부재 시 조직 지속성, 인물별 말투 전사와 관계별 수용 변화","주인공의 방식이 조직에 전해질 때 누가 그것을 자기 욕망과 직위에 맞게 바꾸고, 과격함을 거부하거나 교정할 권리를 실제로 얻는가?",PARTIAL_READING,Yes,exact,REF-25 (https://app.notion.com/p/REF-25-9dfbaa79eaae831d9457819574a9b516?pvs=21),U0001~0003 · U0300 · U0600 · U0731~0733 · U0900 · U1184,"과거 후회가 기초·책임 선택으로 바뀌는 장기선, 자의식과 현실 어긋남의 인물형 유머, 이견·권한·비용을 보존하는 집단 결정, 소속 적대와 개인 존중의 분리, 모방에서 독자 판단권으로 가는 조직 전승"
REF-06,원문 검색 가능. 경계는 준정확이므로 인용 전 주변 문맥 재확인,전 범위 의미 독해 미착수,,전작 엔진·사건·세계·인물·관계·대사 수용·지문·장기 누적 전부,작품의 반복되는 선택과 표현은 누구의 기대를 만들고 어디서 배반하는가?,INDEXED,Yes,near-exact,REF-06 (https://app.notion.com/p/REF-06-508baa79eaae831c969e81bc105a6361?pvs=21),경계 색인만 완료,의미 단위 직접 독해 미착수
REF-12,원문 검색 가능. 의미 증거 스레드 없음,전 범위 의미 독해 미착수,,전작 엔진·사건·세계·인물·관계·대사 수용·지문·장기 누적 전부,시점과 문단 호흡은 인물의 판단과 독자의 정보량을 어떻게 함께 조절하는가?,INDEXED,Yes,exact,REF-12 (https://app.notion.com/p/REF-12-4b7baa79eaae83468d7c01fe5016aead?pvs=21),경계 색인만 완료,의미 단위 직접 독해 미착수
REF-09,원문은 열리지만 경계 미해결. 정밀 위치를 단정하지 말 것,회차 경계 미해결. 먼저 작품 자체의 장면·사건 전환으로 탐색 창을 재구성해야 함,,전작 엔진·사건·세계·인물·관계·대사 수용·지문·장기 누적 전부,회차 번호가 아니라 사건과 관계의 실제 전환점은 어디에 생기는가?,INDEXED,Yes,unresolved,REF-09 (https://app.notion.com/p/REF-09-f99baa79eaae8343873181b74af28b9c?pvs=21),전체 텍스트 색인만 완료,의미 단위 직접 독해 미착수
REF-08,"exact 경계 원문을 초기 제작, 정책 설계, 중반 사물 확장, 후기 외교·정보 조직에서 대조했다. 장점과 함께 초기 비용 질문이 후반 효율 서술에서 약해지는 반례를 남겼으며, 5개 스레드 모두 V3.1 비정사 연구층에만 기록했다.",U0001 · U0005~0035 · U0038~0449 · U0451~0909 · U0911~0914의 연속 변화와 최종 종결. 후기 창은 전작 결말이 아님.,"TH-REF08-ENG-01 · 전문성은 제약과 실패를 처리하는 방식으로 증명된다 (https://app.notion.com/p/TH-REF08-ENG-01-49cbaa79eaae8397b12201681da800ef?pvs=21), TH-REF08-ORG-01 · 아이디어가 타인의 이해를 거쳐 제도가 된다 (https://app.notion.com/p/TH-REF08-ORG-01-6bebaa79eaae82e7860e015d30d6dbcf?pvs=21), TH-REF08-REL-01 · 질문 난이도와 책임 이동이 협업 관계를 바꾼다 (https://app.notion.com/p/TH-REF08-REL-01-286baa79eaae832381a881b66d6579ea?pvs=21), TH-REF08-WLD-01 · 발명은 보완재와 새 사용자를 연쇄 호출한다 (https://app.notion.com/p/TH-REF08-WLD-01-f69baa79eaae835e8f2b0147dc07b593?pvs=21), TH-REF08-RES-01 · 제도 성공은 비용을 진 사람을 가릴 수 있다 (https://app.notion.com/p/TH-REF08-RES-01-d28baa79eaae83c8ae7d0169ab542c3b?pvs=21)","발명·정책별 실패와 폐기 전사, 계층별 편익·노동 비용, 권력 집중 뒤 질문과 거부권, 조직 구성원의 이탈·후유증, 주인공 오판이 후기 판단을 바꾸는지","주인공의 아이디어가 제도로 독립한 뒤 목적을 훼손하거나 사람을 소모할 때, 누가 중지권·수정권·비용 발언권을 실제로 행사하는가?",PARTIAL_READING,Yes,exact,REF-08 (https://app.notion.com/p/REF-08-736baa79eaae8216b39f01ee4a4ab92e?pvs=21),U0002~0004 · U0036~0037 · U0450 · U0910 · U0915,"제약·실패로 증명되는 전문성, 타인의 이해·비판·시험을 거치는 제도화, 질문 난이도와 책임 이동의 관계 변화, 발명과 보완재·사용자의 연쇄, 제도 성공이 비용 담당자를 가리는 내부 반례"
REF-21,원문 검색 가능. 경계는 준정확이므로 인용 전 주변 문맥 재확인,전 범위 의미 독해 미착수,,전작 엔진·사건·세계·인물·관계·대사 수용·지문·장기 누적 전부,주요 관계는 사건을 통과할 때 어떤 기대·채무·금기를 새로 축적하는가?,INDEXED,Yes,near-exact,REF-21 (https://app.notion.com/p/REF-21-652baa79eaae837ba695016f81a3a0d7?pvs=21),경계 색인만 완료,의미 단위 직접 독해 미착수
REF-05,"U0001-U0912의 source-explicit 회차 경계를 직접 확인했다. 초·중·후반 의미 창을 대조했으며, 지식 수정·파티 권한·관계 시험·캐릭터 재분류·사건 잔여를 확인했다. 저장본 최신 경계는 작품 종결로 간주하지 않는다.","U0004-0049, U0051-0299, U0301-0599, U0601-0849, U0851-0911의 연속 독해가 남음. 후기 비전투·정치 관계에서 오답 수정과 동료 독립성이 유지되는지 미확인.","TH-REF05-KNW-01 · 지식 우위가 오답과 수정 비용을 통과한다 (https://app.notion.com/p/TH-REF05-KNW-01-988baa79eaae82a6a97981111bc986e5?pvs=21), TH-REF05-GRP-01 · 역할 분담이 자원·안전·발언권으로 변한다 (https://app.notion.com/p/TH-REF05-GRP-01-62bbaa79eaae82b1847f813bda15db84?pvs=21), TH-REF05-REL-01 · 위험한 비밀과 도덕 이견이 관계 권리를 바꾼다 (https://app.notion.com/p/TH-REF05-REL-01-fbabaa79eaae831a8e2d8104dcda3372?pvs=21), TH-REF05-CHR-01 · 대상이 현재 선택을 가진 사람으로 재분류된다 (https://app.notion.com/p/TH-REF05-CHR-01-de5baa79eaae838f9b888146cf2db94b?pvs=21), TH-REF05-RES-01 · 실패·이탈·손실이 다음 집단 선택에 남는다 (https://app.notion.com/p/TH-REF05-RES-01-74fbaa79eaae832aa74c010657992348?pvs=21)","비전투 협상에서의 대사 수용 변화, 장기 관계 파열 뒤 권한 회수, 후기 조연 독립 욕망, 상실의 정서 잔여와 시스템 학습의 비율, 최신 경계 이후 추적.","후기 규모가 커질수록 동료가 기술 슬롯과 원격 지원으로 평탄화되는가, 아니면 주인공의 공략 모델을 거부·수정할 독립 권한을 유지하는가?",PARTIAL_READING,Yes,exact,REF-05 (https://app.notion.com/p/REF-05-e1ebaa79eaae8383aaab013ccd8804ed?pvs=21),"U0001-0003, U0050, U0300, U0600, U0850, U0912","지식 가설의 실패·수정, 역할 분담의 자원·안전·발언권화, 위험 비밀과 도덕 이견에 따른 관계 권리 변화, 미래 효용에서 현재 선택 주체로의 재분류, 실패·이탈·손실의 후속 선택 잔여, 후기 시스템 열거에 의한 집단 평탄화 반례."
REF-13,원문 검색 가능. 의미 증거 스레드 없음,전 범위 의미 독해 미착수,,전작 엔진·사건·세계·인물·관계·대사 수용·지문·장기 누적 전부,한 사건의 결과가 세계·조직·관계의 다음 선택으로 어떻게 전파되는가?,INDEXED,Yes,exact,REF-13 (https://app.notion.com/p/REF-13-718baa79eaae83e3884c81f53a9714b7?pvs=21),경계 색인만 완료,의미 단위 직접 독해 미착수
REF-14,원문은 열림. 위치는 부분 경계이므로 숫자만으로 단정하지 말 것,경계 부분 인식. 탐색 전후 문맥을 넓게 열어 확인해야 함,,전작 엔진·사건·세계·인물·관계·대사 수용·지문·장기 누적 전부,불완전한 경계 안에서도 반복되는 사건·인물·표현의 실제 묶음은 무엇인가?,INDEXED,Yes,partial,REF-14 (https://app.notion.com/p/REF-14-417baa79eaae834f9e33012854125e00?pvs=21),부분 경계 색인만 완료,의미 단위 직접 독해 미착수
REF-20,원문 검색 가능. 경계는 준정확이므로 인용 전 주변 문맥 재확인,전 범위 의미 독해 미착수,,전작 엔진·사건·세계·인물·관계·대사 수용·지문·장기 누적 전부,작품의 핵심 긴장은 어떤 반복을 통해 커지고 어떤 변주에서 새 의미를 얻는가?,INDEXED,Yes,near-exact,REF-20 (https://app.notion.com/p/REF-20-cc9baa79eaae8293989981038a7c5278?pvs=21),경계 색인만 완료,의미 단위 직접 독해 미착수
REF-15,원문 검색 가능. 경계는 준정확이므로 인용 전 주변 문맥 재확인,전 범위 의미 독해 미착수,,전작 엔진·사건·세계·인물·관계·대사 수용·지문·장기 누적 전부,작품이 장기적으로 보존하는 약속과 매번 새로 바꾸는 압력은 무엇인가?,INDEXED,Yes,near-exact,REF-15 (https://app.notion.com/p/REF-15-cd4baa79eaae83ffb41601ea31686654?pvs=21),경계 색인만 완료,의미 단위 직접 독해 미착수
REF-19,원문 직접 대조 증거 스레드 5개 생성. 2개는 먼 재등장까지 확인했으나 전작 검증은 아님,선정 단위 사이 대부분과 복원 단위 182 이후. 경계가 준정확이므로 인용 전 주변 재확인 필요,"TH-REF19-DLG-01 · 제도적 문장의 이중 기능 (https://app.notion.com/p/TH-REF19-DLG-01-e61baa79eaae8348902481f7070cf2ab?pvs=21), TH-REF19-DLG-02 · 선택을 묻는 척 거래를 설계하기 (https://app.notion.com/p/TH-REF19-DLG-02-14cbaa79eaae82b5b75001239a392adc?pvs=21), TH-REF19-DLG-03 · 농담·물건·침묵이 함께 정하는 정보 가격 (https://app.notion.com/p/TH-REF19-DLG-03-c06baa79eaae82be87d381d435840bf6?pvs=21), TH-REF19-DLG-04 · 유머가 질문의 잔여를 지우지 않는 법 (https://app.notion.com/p/TH-REF19-DLG-04-b59baa79eaae8247a854017bba5a07bf?pvs=21), TH-REF19-DLG-05 · 호칭 농담이 누적 관계를 증명하는 순간 (https://app.notion.com/p/TH-REF19-DLG-05-281baa79eaae820482b001a17b7543de?pvs=21)",전작 엔진·주요 사건 사슬·주인공 변화 전사·다른 인물 관계망·대사 외 시점·지문 폭·실패하는 조종·종결 상환,"초반의 공적 명분/사적 의도 간극이 가까운 관계에서는 거래·농담·호칭으로 어떻게 달라지고, 숨은 정체가 드러날 때 어떤 비용으로 상환되는가?",PARTIAL_READING,Yes,near-exact,REF-19 (https://app.notion.com/p/REF-19-4dbbaa79eaae8239b6f48153fb46987e?pvs=21),복원 단위 1 · 91 · 173~174 · 177 · 181,"제도 언어의 강제 기능, 질문으로 거래 조건 설계, 농담·물건·침묵의 정보 가격 정산, 회피된 질문의 잔여, 호칭 농담의 관계 누적"
REF-07,원문 검색 가능. 경계는 준정확이므로 인용 전 주변 문맥 재확인,전 범위 의미 독해 미착수,,전작 엔진·사건·세계·인물·관계·대사 수용·지문·장기 누적 전부,작품 고유의 재미가 어떤 사건·인물·관계의 반복과 변형에서 생기는가?,INDEXED,Yes,near-exact,REF-07 (https://app.notion.com/p/REF-07-409baa79eaae823fbf9501e3c12c68a5?pvs=21),경계 색인만 완료,의미 단위 직접 독해 미착수
REF-24,현재 V3.1 증거 스레드 5개. 단일 작품 근거이므로 공용 검증으로 간주하지 않음,선정 창 사이와 이후 전 범위. 동일 관계 외 다른 청자·집단·종결부,"TH-REF24-DLG-05 · 청자별 수용 분기와 후속 행동 (https://app.notion.com/p/TH-REF24-DLG-05-8f0baa79eaae831796c681d9b5bf6421?pvs=21), TH-REF24-DLG-04 · 발화 내용과 수용 의미의 분리 (https://app.notion.com/p/TH-REF24-DLG-04-0acbaa79eaae82fa858d816f00e835fb?pvs=21), TH-REF24-DLG-03 · 농담 뒤 진심과 행동 정산 (https://app.notion.com/p/TH-REF24-DLG-03-30abaa79eaae8378882b81d0b768ee52?pvs=21), TH-REF24-DLG-01 · 농담형 공방의 층위 (https://app.notion.com/p/TH-REF24-DLG-01-256baa79eaae838293f181b2ebb42627?pvs=21), TH-REF24-DLG-02 · 반복 농담의 관계 변주 (https://app.notion.com/p/TH-REF24-DLG-02-847baa79eaae83648bf501d25a33dcb9?pvs=21)","전작 엔진, 사건 인과, 인물 변화 전사, 다른 관계망, 시점·지문 전체 폭, 실패 반례","선정 관계 밖에서도 발화 수용이 사건과 관계를 바꾸는가, 지문은 그 차이를 어떻게 체화하는가?",PARTIAL_READING,Yes,near-exact,REF-24 (https://app.notion.com/p/REF-24-11cbaa79eaae827e806701b29b71afd1?pvs=21),8~10 · 79~83 · 139~140 · 162~163 · 228,"발화 의도와 수용 의미, 반복 농담의 관계 변주, 진심·행동 정산, 청자별 후속 행동"
REF-16,"U0001-U0852의 source-explicit 저장본 경계를 직접 확인했다. 본편과 외전을 분리해 독자 지식·인물·작가의 책임 이동, 부재 중 권한 재배치, 추상 설명의 관계 접지, 집단 기억의 왜곡 가능성을 확인했다. U0852는 외전 최신 저장 경계이지 종결이 아니다.","U0004-0049, U0051-0299, U0301-0449, U0451-0549, U0551-0599, U0601-0851의 연속 독해가 남음. 본편 종결부와 외전 전환의 정확한 기능 경계, 외전 인물군의 장기 독립성이 미확인.","TH-REF16-KNW-01 · 독자 지식이 분산·충돌·자기수정된다 (https://app.notion.com/p/TH-REF16-KNW-01-a83baa79eaae8278a7d8812f5cf60d8e?pvs=21), TH-REF16-TRI-01 · 독자·인물·작가가 상호 책임으로 재배치된다 (https://app.notion.com/p/TH-REF16-TRI-01-b31baa79eaae833f901d01aea4acb70a?pvs=21), TH-REF16-ABS-01 · 부재가 타인의 일과 귀환 재분류를 만든다 (https://app.notion.com/p/TH-REF16-ABS-01-21bbaa79eaae82b39543016d5af39359?pvs=21), TH-REF16-EXP-01 · 추상 세계관을 한 삶의 질문과 기록 노동에 묶는다 (https://app.notion.com/p/TH-REF16-EXP-01-814baa79eaae83e0bdee81f0984304c1?pvs=21), TH-REF16-GRP-01 · 집단이 부재한 사람을 왜곡 가능성째 복원한다 (https://app.notion.com/p/TH-REF16-GRP-01-6bdbaa79eaae83ff96400108887b9ed0?pvs=21)","외전의 다중 독자 사이 해석 권력 분산 여부, 대규모 전투에서 몸·관계보다 설정 메시지가 우세해지는 구간, 귀환 뒤 기존 권한과 새 권한의 실제 충돌, 단일 세계선 밖 인물의 독립 욕망.","부재로 생긴 타인의 일·수정권·해석권이 핵심 인물의 귀환 또는 재호명 뒤에도 유지되는가, 아니면 다시 한 사람의 정답으로 수렴하는가?",PARTIAL_READING,Yes,exact,REF-16 (https://app.notion.com/p/REF-16-116baa79eaae839a9f77017ba389acea?pvs=21),"U0001-0003, U0050, U0300, U0450, U0550, U0600, U0852","독자 지식의 분산·충돌·자기수정, 독자·인물·작가의 상호 책임 전환, 부재의 일·권한·귀환 재분류, 추상 세계관의 개인 질문·기록 노동 접지, 집단 기억의 시점 차이와 미상 영역 보존, 외전에서 해석 권력이 재집중될 수 있는 반례."
REF-10,원문 검색 가능. 경계는 준정확이므로 인용 전 주변 문맥 재확인,전 범위 의미 독해 미착수,,전작 엔진·사건·세계·인물·관계·대사 수용·지문·장기 누적 전부,작품은 설명·행동·감각의 배치를 어떻게 바꾸어 장면 압력을 만드는가?,INDEXED,Yes,near-exact,REF-10 (https://app.notion.com/p/REF-10-6f3baa79eaae833285820125b8a146c0?pvs=21),경계 색인만 완료,의미 단위 직접 독해 미착수
REF-46,"SOP v5 이관 감사. TH 상태 옵션을 확장하고 중복 TH-10~13 복제본 4건을 DEPRECATED 처리했다. TH-06·07 원천 레지스트리 관계를 복구했다. 로컬 /mnt/data/ref46_evidence 아래 17개 MIGRATED_RANGE_BUNDLE을 생성했으나, 아직 완성 원천 장면이나 Macro로 간주하지 않는다.","각 TH의 넓은 행 범위가 실제 장면 시작·종료 단위로 재절단되지 않았다. 미채굴 회차와 917화 이후 결말이 남아 있으며, 화말·일상·압축/장면화 결정의 체계적 표본이 부족하다.","TH-REF46-01 · 처형을 피하려 수행한 집단 역할이 구성원을 위한 제도적 책임으로 굳어진다 (https://app.notion.com/p/TH-REF46-01-3b2baa79eaae81ff8a82e39db9463f0f?pvs=21), TH-REF46-02 · 선행 게임 지식은 현장 변수와 반례를 거쳐 갱신 가능한 가설로 운용된다 (https://app.notion.com/p/TH-REF46-02-3b2baa79eaae81789b63cac5e62439c1?pvs=21), TH-REF46-03 · 공략 슬롯으로 모집한 파티원이 선택권과 분리 가능성을 가진 책임 공동체로 재분류된다 (https://app.notion.com/p/TH-REF46-03-3b2baa79eaae81bfb47dc8800d164eae?pvs=21), TH-REF46-04 · 탐험 성과는 지도·판단 책임·공개 절차를 거쳐 파티 밖의 지휘권으로 환전된다 (https://app.notion.com/p/TH-REF46-04-3b2baa79eaae813b9438cd9f8e8120aa?pvs=21), TH-REF46-05 · 다중 신분은 습관·시기·정보 행동의 누적 증거로 판정되고 선택적 공개가 별도 동맹망을 만든다 (https://app.notion.com/p/TH-REF46-05-3b2baa79eaae81078483c176b5c95fa5?pvs=21), TH-REF46-06 · 한정된 성장 슬롯은 전투 역할·취약점·동료 배치를 함께 잠그는 선택 장부로 작동한다 (https://app.notion.com/p/TH-REF46-06-3b2baa79eaae8196bd5ddb80a846a106?pvs=21), TH-REF46-07 · 회차 리셋은 현지 기억과 사건을 초기화하되 공략 기억·외부 준비·접근 권리를 누적시킨다 (https://app.notion.com/p/TH-REF46-07-3b2baa79eaae811a85c6eb22fc4f3464?pvs=21), TH-REF46-08 · 보호받던 신입은 상실을 전투 권한으로 바꾸되 통제·가족·종족 부채를 다시 조정해야 한다 (https://app.notion.com/p/TH-REF46-08-3b2baa79eaae819a83bffda262ebc9c5?pvs=21), TH-REF46-09 · 조직은 같은 공적 기록을 영웅·악령·귀족 서사로 재편해 권리와 의무를 배분한다 (https://app.notion.com/p/TH-REF46-09-3b2baa79eaae811eb5d5d2eba4b389c5?pvs=21), TH-REF46-10 · 적대자는 복수·생존·귀환 목표를 분리한 채 반복 협력으로 조건부 동료가 된다 (https://app.notion.com/p/TH-REF46-10-3b2baa79eaae81a1899bceec7c09794d?pvs=21), TH-REF46-11 · 공통 출신과 정보 교환은 동맹을 보장하지 않으며 귀환 목표와 결별 조건을 명시해야 협력자가 된다 (https://app.notion.com/p/TH-REF46-11-3b2baa79eaae8104b078e11d53f587b3?pvs=21), TH-REF46-12 · 진실 판정 장치는 발화자의 확신만 인증해 질문권·묵비권·문장 설계가 협상권을 결정한다 (https://app.notion.com/p/TH-REF46-12-3b2baa79eaae8151975ad0c5e1f503a2?pvs=21), TH-REF46-13 · 불확실한 정보는 닻 질문·행동 기록·제삼자 공개를 겹쳐야 행동 가능한 신뢰로 바뀐다 (https://app.notion.com/p/TH-REF46-13-3b2baa79eaae811d9137cdc4e97d16f7?pvs=21), TH-REF46-14 · 사망·부상 보고는 역할 공백과 지휘 책임을 다음 편제로 넘기는 인력 손실 장부가 된다 (https://app.notion.com/p/TH-REF46-14-3b2baa79eaae81e4a18bd24aa87f99da?pvs=21), TH-REF46-15 · 실패한 탐사·구조 시도는 가설 폐기·도구 요구·지도 갱신으로 다음 시도의 탐색 공간을 줄인다 (https://app.notion.com/p/TH-REF46-15-3b2baa79eaae819d958ad97fbc196994?pvs=21), TH-REF46-16 · 분배 비율은 현재 기여와 특수 노동을 가격화하고 성장 뒤 재협상되는 동료 계약이다 (https://app.notion.com/p/TH-REF46-16-3b2baa79eaae81959914c903d52e51e2?pvs=21), TH-REF46-17 · 공동 전리품은 현금 분배·개인 매입·공용 비축·군자금으로 용도별 권리를 분리해 보존된다 (https://app.notion.com/p/TH-REF46-17-3b2baa79eaae8185ba74ff7f2d4b7850?pvs=21)","REF-46 원천 장면 색인 0건, 익명 원문 독서 장면 0건, Macro 0건, Micro 미확인/사실상 0건. 대사 턴·침묵·행동 배열·장면 종료·작가 선택의 독립 기록이 부족하다.","기존 17개 TH의 범위를 실제 원천 장면으로 재절단할 때 어떤 장면이 원문 재독 가치가 있으며, 핵심·대비·실패·이탈·미해결을 어떻게 균형 있게 보존할 것인가.",PARTIAL_READING,Yes,exact,REF-46 (https://app.notion.com/p/REF-46-3b2baa79eaae81f59dafc3d297935052?pvs=21),TH-REF46-01~17에 기록된 96개 기존 행 범위를 로컬 이관 패키지로 고정했다. 전체 1~917화 경계는 exact이나 순차 완독은 아니다.,"작품 내부 TH 17개에서 생존 역할의 제도화, 선행 지식 갱신, 파티 선택권, 지휘권, 다중 신분, 성장 슬롯, 리셋, 인물 변화, 조직 기록, 조건부 협력, 정보 검증, 손실·실패 장부, 분배·사용권을 확인했다."
REF-46 · 최종 복구 감사 2026-08-05,TH-01~17의 활성 스레드 복구와 Macro 40·50·60·70·80·90·100건 정기 감사를 완료했다. 장면 표현·스토리 표현·캐릭터 판단 기준·작가 선택을 각 TH의 원천 장면과 Macro에 연결했다. 명확한 03-A 비정본 중복 3건은 삭제하지 않고 [DEPRECATED 중복]으로 표시했다. 로컬 TH-01~03 원본 recut manifest 유실은 감사용 복구 manifest로 상태·수량만 복원했으며 장면 파일 자체를 재생성한 것은 아니다. TH-06 ZIP 바이트 해시는 과거 영수증과 달라 패키징 재현성 주의로 남지만 원문 해시와 개별 장면 파일·Notion 기록은 유지된다.,전체 순차 완독과 동일하지 않다. 각 TH의 확인 범위 밖 구간과 917화 이후 최종 세계 구조·조직 공금·귀환·최종 공략 회수는 미확인이다. TH-01~03의 로컬 장면 파일 패키지는 현재 작업 폴더에서 완전 재현되지 않았다.,"TH-REF46-06 · 한정된 성장 슬롯은 전투 역할·취약점·동료 배치를 함께 잠그는 선택 장부로 작동한다 (https://app.notion.com/p/TH-REF46-06-3b2baa79eaae8196bd5ddb80a846a106?pvs=21), TH-REF46-07 · 회차 리셋은 현지 기억과 사건을 초기화하되 공략 기억·외부 준비·접근 권리를 누적시킨다 (https://app.notion.com/p/TH-REF46-07-3b2baa79eaae811a85c6eb22fc4f3464?pvs=21), TH-REF46-08 · 보호받던 신입은 상실을 전투 권한으로 바꾸되 통제·가족·종족 부채를 다시 조정해야 한다 (https://app.notion.com/p/TH-REF46-08-3b2baa79eaae819a83bffda262ebc9c5?pvs=21), TH-REF46-09 · 조직은 같은 공적 기록을 영웅·악령·귀족 서사로 재편해 권리와 의무를 배분한다 (https://app.notion.com/p/TH-REF46-09-3b2baa79eaae811eb5d5d2eba4b389c5?pvs=21), TH-REF46-10 · 적대자는 복수·생존·귀환 목표를 분리한 채 반복 협력으로 조건부 동료가 된다 (https://app.notion.com/p/TH-REF46-10-3b2baa79eaae81a1899bceec7c09794d?pvs=21), TH-REF46-11 · 공통 출신과 정보 교환은 동맹을 보장하지 않으며 귀환 목표와 결별 조건을 명시해야 협력자가 된다 (https://app.notion.com/p/TH-REF46-11-3b2baa79eaae8104b078e11d53f587b3?pvs=21), TH-REF46-12 · 진실 판정 장치는 발화자의 확신만 인증해 질문권·묵비권·문장 설계가 협상권을 결정한다 (https://app.notion.com/p/TH-REF46-12-3b2baa79eaae8151975ad0c5e1f503a2?pvs=21), TH-REF46-13 · 불확실한 정보는 닻 질문·행동 기록·제삼자 공개를 겹쳐야 행동 가능한 신뢰로 바뀐다 (https://app.notion.com/p/TH-REF46-13-3b2baa79eaae811d9137cdc4e97d16f7?pvs=21), TH-REF46-14 · 사망·부상 보고는 역할 공백과 지휘 책임을 다음 편제로 넘기는 인력 손실 장부가 된다 (https://app.notion.com/p/TH-REF46-14-3b2baa79eaae81e4a18bd24aa87f99da?pvs=21), TH-REF46-15 · 실패한 탐사·구조 시도는 가설 폐기·도구 요구·지도 갱신으로 다음 시도의 탐색 공간을 줄인다 (https://app.notion.com/p/TH-REF46-15-3b2baa79eaae819d958ad97fbc196994?pvs=21), TH-REF46-16 · 분배 비율은 현재 기여와 특수 노동을 가격화하고 성장 뒤 재협상되는 동료 계약이다 (https://app.notion.com/p/TH-REF46-16-3b2baa79eaae81959914c903d52e51e2?pvs=21), TH-REF46-17 · 공동 전리품은 현금 분배·개인 매입·공용 비축·군자금으로 용도별 권리를 분리해 보존된다 (https://app.notion.com/p/TH-REF46-17-3b2baa79eaae8185ba74ff7f2d4b7850?pvs=21)","클랜 규모의 정기 분배 갱신, 공용 자산 처분 거부권·감사 절차, 복수 사용 희망자 비교 규칙, 강압 없는 적대 정보 검증, 최종 공략 중단 기준은 확인되지 않았다.",917화 이후에도 질문권·재협상권·공용 자산 거부권·손실 중단 기준·갱신 지도와 실패 기록이 제도적 절차로 유지되는가.,PARTIAL_READING,Yes,exact,REF-46 (https://app.notion.com/p/REF-46-3b2baa79eaae81f59dafc3d297935052?pvs=21),"TH-01~17이 지정한 실제 원문 창을 재절단·대조했다. 최근 완료 구간은 TH-12 37~572화, TH-13 39~482화, TH-14 67~606화, TH-15 604~620화, TH-16 10~313화, TH-17 167~447화이다.","검증 접근권·질문권·묵비권, 닻 질문과 독립 증거, 손실의 역할 공백·편제 반영, 실패의 가설 폐기·도구 요구·지도 갱신, 기여·특수 노동·성장 후 분배 재협상, 공동 자산의 소유·사용·보유·처분 권리 분리."